Land;Stimmentyp;Geschlecht;Geburtsjahresgruppe;Summe;Ungültig;CDU;SPD;AfD;FDP;DIE_LINKE;GRÜNE;CSU;Sonstige;dar_FREIE_WAEHLER;dar_BSW
Bund;Erststimme;Summe;Summe;49928653;423264;12604184;9936433;10177318;1622912;3933297;5443393;3272064;2515788;1254565;299401
Bund;Erststimme;Summe;2001 – 2007;3396728;20857;460874;664422;622309;156426;691867;444805;133099;202067;78817;19268
Bund;Erststimme;Summe;1991 – 2000;6214725;35360;965210;1053162;1251724;269350;884000;1029044;291474;435402;190045;30672
Bund;Erststimme;Summe;1981 – 1990;7515049;49859;1561552;1135279;1974236;246510;629307;1012674;423985;481646;235335;45620
Bund;Erststimme;Summe;1966 – 1980;12067460;85200;3073209;2021756;3032078;354695;715071;1322895;803858;658698;356815;67164
Bund;Erststimme;Summe;1956 – 1965;9745239;87955;2642975;2143166;2034073;258748;500181;957739;695879;424524;232560;62883
Bund;Erststimme;Summe;1955 und früher;10989452;144033;3900364;2918648;1262898;337183;512870;676237;923769;313451;160993;73793
Bund;Erststimme;m;Summe;24373519;192534;6216381;4434228;5924711;829255;1647873;2369737;1616071;1142728;565828;126474
Bund;Erststimme;m;2001 – 2007;1710816;11453;275698;298749;410338;101262;240043;188513;79313;105447;42359;8754
Bund;Erststimme;m;1991 – 2000;3128680;17796;517404;482986;759479;156643;372481;452477;152936;216478;95818;14024
Bund;Erststimme;m;1981 – 1990;3788185;23507;789961;511041;1154625;127736;284742;459803;215907;220864;107334;18633
Bund;Erststimme;m;1966 – 1980;6031021;37600;1572595;907879;1773439;169685;295835;582212;406728;285046;154108;25984
Bund;Erststimme;m;1956 – 1965;4799597;40653;1327649;985827;1158895;120204;225994;409194;345384;185798;103405;26033
Bund;Erststimme;m;1955 und früher;4915220;61526;1733073;1247745;667934;153725;228779;277538;415803;129095;62804;33047
Bund;Erststimme;w;Summe;25555134;230730;6387803;5502205;4252607;793657;2285424;3073656;1655993;1373060;688737;172927
Bund;Erststimme;w;2001 – 2007;1685912;9404;185176;365673;211971;55164;451824;256292;53787;96620;36458;10514
Bund;Erststimme;w;1991 – 2000;3086045;17564;447805;570176;492245;112707;511520;576567;138537;218924;94227;16649
Bund;Erststimme;w;1981 – 1990;3726864;26352;771591;624238;819611;118775;344566;552871;208078;260782;128001;26987
Bund;Erststimme;w;1966 – 1980;6036439;47600;1500614;1113876;1258638;185009;419236;740682;397130;373653;202706;41180
Bund;Erststimme;w;1956 – 1965;4945642;47302;1315325;1157339;875178;138545;274187;548545;350495;238726;129155;36850
Bund;Erststimme;w;1955 und früher;6074233;82508;2167291;1670903;594963;183457;284090;398699;507966;184355;98189;40746
Bund;Zweitstimme;Summe;Summe;49928653;279141;11196374;8149124;10328780;2148757;4356532;5762380;2964028;4743537;769279;2472947
Bund;Zweitstimme;Summe;2001 – 2007;3396728;13506;337620;381835;641153;191006;922034;398134;100800;410641;43511;192219
Bund;Zweitstimme;Summe;1991 – 2000;6214725;18520;758646;682423;1291174;319398;1088429;984471;240777;830886;114986;355935
Bund;Zweitstimme;Summe;1981 – 1990;7515049;28132;1324947;835953;2029657;304855;651165;1081041;375619;883681;136335;419531
Bund;Zweitstimme;Summe;1966 – 1980;12067460;50294;2726872;1651948;3085887;486008;710079;1471118;725257;1159996;208732;606526
Bund;Zweitstimme;Summe;1956 – 1965;9745239;56053;2411584;1885472;2031398;358112;492471;1064105;649876;796167;146080;472455
Bund;Zweitstimme;Summe;1955 und früher;10989452;112635;3636705;2711493;1249511;489378;492355;763511;871699;662166;119634;426281
Bund;Zweitstimme;m;Summe;24373519;120417;5536802;3611758;6095875;1171729;1767791;2583316;1461963;2023867;339792;1049831
Bund;Zweitstimme;m;2001 – 2007;1710816;7660;203640;190215;429930;127708;299295;188255;60259;203854;23699;89781
Bund;Zweitstimme;m;1991 – 2000;3128680;9921;409005;314394;798420;197654;437105;456154;124629;381398;55698;156954
Bund;Zweitstimme;m;1981 – 1990;3788185;13334;677906;369489;1204553;170631;288137;499138;191672;373325;61951;169899
Bund;Zweitstimme;m;1966 – 1980;6031021;20601;1407262;735866;1825806;250785;294218;657935;368555;469992;90489;246564
Bund;Zweitstimme;m;1956 – 1965;4799597;25242;1222816;855541;1171834;184919;228959;465798;323330;321159;62244;195248
Bund;Zweitstimme;m;1955 und früher;4915220;43660;1616174;1146253;665332;240031;220077;316037;393519;274139;45711;191387
Bund;Zweitstimme;w;Summe;25555134;158724;5659572;4537366;4232905;977028;2588741;3179064;1502065;2719670;429487;1423116
Bund;Zweitstimme;w;2001 – 2007;1685912;5847;133980;191620;211223;63297;622738;209879;40541;206787;19813;102438
Bund;Zweitstimme;w;1991 – 2000;3086045;8599;349641;368029;492754;121744;651324;528317;116148;449488;59288;198981
Bund;Zweitstimme;w;1981 – 1990;3726864;14798;647041;466464;825104;134224;363028;581903;183947;510356;74384;249633
Bund;Zweitstimme;w;1966 – 1980;6036439;29693;1319610;916082;1260081;235223;415861;813183;356703;690004;118243;359962
Bund;Zweitstimme;w;1956 – 1965;4945642;30812;1188769;1029932;859564;173193;263512;598307;326546;475008;83836;277208
Bund;Zweitstimme;w;1955 und früher;6074233;68975;2020531;1565240;584179;249347;272279;447475;478180;388027;73923;234894
SH;Erststimme;Summe;Summe;1889968;13739;573541;424485;302259;67541;115098;279298;;114007;25139;
SH;Erststimme;Summe;2001 – 2007;120704;793;17577;24116;19520;6296;22602;19961;;9839;1389;
SH;Erststimme;Summe;1991 – 2000;229847;679;39294;39561;44420;11456;28069;48113;;18255;3925;
SH;Erststimme;Summe;1981 – 1990;265343;1677;63626;43181;62677;10601;19364;44120;;20095;5246;
SH;Erststimme;Summe;1966 – 1980;468621;2836;142742;89359;94366;14576;23432;68664;;32645;8614;
SH;Erststimme;Summe;1956 – 1965;365649;2726;119056;94323;50961;9999;13425;54982;;20178;4323;
SH;Erststimme;Summe;1955 und früher;439804;5028;191246;133944;30314;14612;8206;43458;;12995;1642;
SH;Erststimme;m;Summe;912681;6018;285774;186540;180855;34936;48834;115964;;53761;12465;
SH;Erststimme;m;2001 – 2007;60122;358;11210;10899;13444;4182;7941;7729;;4359;792;
SH;Erststimme;m;1991 – 2000;116600;290;20341;18204;27748;6803;12136;20896;;10182;2335;
SH;Erststimme;m;1981 – 1990;131388;944;31848;18708;36787;5711;8228;20686;;8477;2449;
SH;Erststimme;m;1966 – 1980;229379;1175;72809;38834;56435;6474;9803;28414;;15434;4057;
SH;Erststimme;m;1956 – 1965;177797;903;62149;42088;30184;4890;6580;21627;;9375;2188;
SH;Erststimme;m;1955 und früher;197395;2348;87416;57808;16256;6876;4145;16611;;5934;644;
SH;Erststimme;w;Summe;977287;7721;287767;237945;121404;32605;66264;163334;;60246;12674;
SH;Erststimme;w;2001 – 2007;60582;435;6366;13217;6076;2115;14661;12232;;5481;597;
SH;Erststimme;w;1991 – 2000;113247;389;18954;21358;16672;4653;15932;27216;;8073;1590;
SH;Erststimme;w;1981 – 1990;133954;733;31778;24474;25890;4890;11136;23435;;11618;2797;
SH;Erststimme;w;1966 – 1980;239242;1661;69933;50526;37931;8102;13628;40250;;17211;4557;
SH;Erststimme;w;1956 – 1965;187852;1823;56907;52235;20777;5109;6845;33355;;10803;2136;
SH;Erststimme;w;1955 und früher;242410;2680;103830;76136;14058;7737;4061;26847;;7061;998;
SH;Zweitstimme;Summe;Summe;1889968;9963;518424;352546;306165;88147;146428;279923;;188372;13675;64777
SH;Zweitstimme;Summe;2001 – 2007;120704;403;13134;13904;20695;7296;33894;16130;;15249;1129;4852
SH;Zweitstimme;Summe;1991 – 2000;229847;482;31797;26796;45081;13556;38467;43209;;30460;2207;11366
SH;Zweitstimme;Summe;1981 – 1990;265343;742;54410;31363;64609;12114;22767;44571;;34766;3055;13144
SH;Zweitstimme;Summe;1966 – 1980;468621;2276;128715;72799;94086;18688;26267;74157;;51633;4467;18210
SH;Zweitstimme;Summe;1956 – 1965;365649;1913;111156;84338;51428;12840;14266;56110;;33598;2119;11063
SH;Zweitstimme;Summe;1955 und früher;439804;4148;179212;123346;30266;23654;10767;45746;;22666;700;6141
SH;Zweitstimme;m;Summe;912681;4056;257043;154755;186368;48674;60286;118537;;82961;6073;27983
SH;Zweitstimme;m;2001 – 2007;60122;161;8192;6561;14995;5121;11241;6965;;6885;380;1660
SH;Zweitstimme;m;1991 – 2000;116600;301;16119;12908;28660;8349;16043;19065;;15155;1258;5716
SH;Zweitstimme;m;1981 – 1990;131388;335;28008;13304;38725;6981;9522;20147;;14366;1251;4980
SH;Zweitstimme;m;1966 – 1980;229379;992;65842;31272;57149;9121;11164;31390;;22448;2102;7477
SH;Zweitstimme;m;1956 – 1965;177797;585;57805;37183;30553;6827;6799;23155;;14889;870;5450
SH;Zweitstimme;m;1955 und früher;197395;1681;81076;53527;16285;12274;5517;17816;;9218;212;2700
SH;Zweitstimme;w;Summe;977287;5907;261381;197791;119797;39473;86142;161386;;105411;7602;36794
SH;Zweitstimme;w;2001 – 2007;60582;242;4942;7343;5700;2175;22653;9164;;8363;749;3192
SH;Zweitstimme;w;1991 – 2000;113247;180;15677;13888;16421;5207;22424;24144;;15305;948;5650
SH;Zweitstimme;w;1981 – 1990;133954;407;26402;18059;25884;5132;13245;24425;;20400;1804;8164
SH;Zweitstimme;w;1966 – 1980;239242;1283;62873;41526;36938;9566;15103;42767;;29186;2365;10734
SH;Zweitstimme;w;1956 – 1965;187852;1327;53351;47156;20875;6012;7466;32955;;18710;1248;5613
SH;Zweitstimme;w;1955 und früher;242410;2467;98136;69819;13980;11380;5250;27930;;13448;488;3441
HH;Erststimme;Summe;Summe;1050805;8507;232067;292325;114714;35299;129995;214621;;23277;9714;
HH;Erststimme;Summe;2001 – 2007;68727;511;7911;16118;5394;3384;20295;13373;;1741;442;
HH;Erststimme;Summe;1991 – 2000;179824;770;21748;37646;14673;8589;39013;51417;;5968;2109;
HH;Erststimme;Summe;1981 – 1990;185884;839;33181;40073;22390;6378;26228;50470;;6325;2495;
HH;Erststimme;Summe;1966 – 1980;255215;2249;61221;64663;35636;6906;23319;55689;;5533;2514;
HH;Erststimme;Summe;1956 – 1965;165097;1405;40954;55733;22100;3508;12217;26764;;2416;1348;
HH;Erststimme;Summe;1955 und früher;196058;2734;67053;78091;14521;6534;8923;16909;;1295;805;
HH;Erststimme;m;Summe;493332;3913;117158;128599;66195;19209;55454;92666;;10136;3929;
HH;Erststimme;m;2001 – 2007;32312;252;4516;7389;3935;2263;7423;5715;;819;210;
HH;Erststimme;m;1991 – 2000;83846;505;12269;18119;9093;5099;15801;20465;;2495;871;
HH;Erststimme;m;1981 – 1990;90806;410;17284;18165;14113;3540;11861;22555;;2879;962;
HH;Erststimme;m;1966 – 1980;124326;928;31933;28416;20648;3650;10610;25790;;2351;968;
HH;Erststimme;m;1956 – 1965;78214;771;21104;25263;11479;1784;5412;11340;;1062;607;
HH;Erststimme;m;1955 und früher;83827;1048;30053;31247;6928;2873;4348;6800;;530;310;
HH;Erststimme;w;Summe;557473;4594;114909;163726;48519;16090;74541;121955;;13141;5785;
HH;Erststimme;w;2001 – 2007;36415;259;3395;8729;1458;1122;12872;7658;;922;232;
HH;Erststimme;w;1991 – 2000;95978;266;9479;19527;5580;3490;23212;30951;;3473;1238;
HH;Erststimme;w;1981 – 1990;95078;429;15897;21908;8278;2837;14367;27915;;3446;1533;
HH;Erststimme;w;1966 – 1980;130889;1320;29288;36247;14988;3256;12709;29898;;3182;1546;
HH;Erststimme;w;1956 – 1965;86883;634;19850;30470;10622;1724;6806;15424;;1353;741;
HH;Erststimme;w;1955 und früher;112231;1686;37000;46844;7593;3661;4575;10109;;765;495;
HH;Zweitstimme;Summe;Summe;1050805;5185;216935;237740;113608;47115;151115;201713;;77394;3866;41919
HH;Zweitstimme;Summe;2001 – 2007;68727;233;6803;9099;5268;4264;25594;10660;;6807;230;3516
HH;Zweitstimme;Summe;1991 – 2000;179824;331;19347;25850;15323;9211;48310;43138;;18315;895;8892
HH;Zweitstimme;Summe;1981 – 1990;185884;407;29812;31482;22065;8365;28270;47371;;18112;768;9211
HH;Zweitstimme;Summe;1966 – 1980;255215;1196;58867;52376;35098;9688;25211;54961;;17818;900;9849
HH;Zweitstimme;Summe;1956 – 1965;165097;901;38607;48224;21712;5817;13508;27347;;8980;629;5781
HH;Zweitstimme;Summe;1955 und früher;196058;2118;63499;70710;14143;9769;10222;18237;;7362;444;4670
HH;Zweitstimme;m;Summe;493332;1997;109532;103165;66570;26804;61563;89950;;33750;1661;19111
HH;Zweitstimme;m;2001 – 2007;32312;132;4224;4420;3739;2756;8404;5183;;3455;117;1882
HH;Zweitstimme;m;1991 – 2000;83846;167;11084;12369;9577;5609;18641;18403;;7998;427;3952
HH;Zweitstimme;m;1981 – 1990;90806;231;15415;14094;14027;4791;11959;22034;;8254;338;4208
HH;Zweitstimme;m;1966 – 1980;124326;342;30624;22668;20714;5609;11586;25372;;7412;341;4489
HH;Zweitstimme;m;1956 – 1965;78214;407;19666;21477;11531;3252;6300;11744;;3837;297;2660
HH;Zweitstimme;m;1955 und früher;83827;719;28519;28137;6981;4787;4674;7215;;2795;140;1920
HH;Zweitstimme;w;Summe;557473;3188;107403;134575;47038;20311;89552;111763;;43644;2205;22808
HH;Zweitstimme;w;2001 – 2007;36415;101;2579;4679;1529;1508;17190;5477;;3353;113;1634
HH;Zweitstimme;w;1991 – 2000;95978;164;8263;13481;5745;3603;29669;24735;;10317;468;4940
HH;Zweitstimme;w;1981 – 1990;95078;176;14396;17388;8037;3574;16312;25337;;9858;430;5003
HH;Zweitstimme;w;1966 – 1980;130889;854;28244;29708;14384;4079;13625;29588;;10406;559;5359
HH;Zweitstimme;w;1956 – 1965;86883;494;18941;26747;10181;2565;7208;15603;;5143;332;3121
HH;Zweitstimme;w;1955 und früher;112231;1399;34980;42572;7162;4982;5548;11022;;4567;304;2750
NI;Erststimme;Summe;Summe;5041312;36097;1558417;1469704;881225;148320;321569;487326;;138654;68432;
NI;Erststimme;Summe;2001 – 2007;348045;1268;55869;94632;62767;16656;67519;35796;;13538;5321;
NI;Erststimme;Summe;1991 – 2000;634698;2646;124652;155919;126678;22831;81628;90972;;29372;12262;
NI;Erststimme;Summe;1981 – 1990;733443;3820;195147;164075;179901;21996;52461;87392;;28652;13788;
NI;Erststimme;Summe;1966 – 1980;1221715;7202;388167;311612;267172;33301;60806;114903;;38552;21717;
NI;Erststimme;Summe;1956 – 1965;965374;7131;315643;317748;156253;22838;35114;90734;;19914;10641;
NI;Erststimme;Summe;1955 und früher;1138036;14029;478939;425719;88455;30698;24041;67529;;8626;4703;
NI;Erststimme;m;Summe;2463701;15532;783902;662489;522720;75271;133976;204762;;65049;31176;
NI;Erststimme;m;2001 – 2007;177664;986;35661;43122;42328;10704;22620;15364;;6881;2570;
NI;Erststimme;m;1991 – 2000;320278;1192;66996;70834;78216;13248;35218;39818;;14755;5990;
NI;Erststimme;m;1981 – 1990;366606;1795;99744;73240;106022;10930;23118;38705;;13050;5842;
NI;Erststimme;m;1966 – 1980;608419;3231;202202;138882;158692;15898;25209;46539;;17765;10039;
NI;Erststimme;m;1956 – 1965;472809;2901;160440;149283;88571;10063;15648;37127;;8776;4799;
NI;Erststimme;m;1955 und früher;517926;5427;218859;187128;48890;14428;12163;27210;;3821;1935;
NI;Erststimme;w;Summe;2577611;20565;774515;807215;358505;73049;187593;282564;;73605;37256;
NI;Erststimme;w;2001 – 2007;170382;283;20209;51511;20438;5952;44899;20433;;6657;2751;
NI;Erststimme;w;1991 – 2000;314420;1454;57656;85085;48462;9583;46410;51154;;14617;6272;
NI;Erststimme;w;1981 – 1990;366837;2024;95402;90834;73879;11066;29342;48687;;15601;7945;
NI;Erststimme;w;1966 – 1980;613297;3971;185965;172729;108480;17403;35597;68364;;20787;11678;
NI;Erststimme;w;1956 – 1965;492565;4231;155203;168465;67682;12775;19466;53607;;11138;5842;
NI;Erststimme;w;1955 und früher;620110;8603;260080;238591;39565;16270;11878;40319;;4805;2768;
NI;Zweitstimme;Summe;Summe;5041312;25976;1410418;1153523;894540;205163;405519;576845;;369328;37628;189376
NI;Zweitstimme;Summe;2001 – 2007;348045;977;41496;48832;63844;19951;99698;35552;;37694;2730;16945
NI;Zweitstimme;Summe;1991 – 2000;634698;1510;101166;90218;128645;29477;110020;94975;;78688;6135;37661
NI;Zweitstimme;Summe;1981 – 1990;733443;2240;168506;109593;185629;30008;59173;105095;;73199;7036;35220
NI;Zweitstimme;Summe;1966 – 1980;1221715;5155;351837;242105;271000;45459;68010;142808;;95341;11063;50057
NI;Zweitstimme;Summe;1956 – 1965;965374;4880;293710;273272;156067;32480;38952;112390;;53624;7624;30547
NI;Zweitstimme;Summe;1955 und früher;1138036;11214;453702;389503;89355;47789;29667;86025;;30782;3040;18946
NI;Zweitstimme;m;Summe;2463701;10904;712293;509122;538227;113053;162572;257088;;160441;18400;83042
NI;Zweitstimme;m;2001 – 2007;177664;574;26188;25342;43440;14093;31168;17776;;19084;1517;8298
NI;Zweitstimme;m;1991 – 2000;320278;798;53777;39509;81502;17607;45219;44608;;37258;3488;17419
NI;Zweitstimme;m;1981 – 1990;366606;1075;87399;46918;110976;16039;24806;47902;;31491;3631;14494
NI;Zweitstimme;m;1966 – 1980;608419;2193;185971;105916;163180;24375;27746;61296;;37741;5127;20176
NI;Zweitstimme;m;1956 – 1965;472809;2089;152446;124591;88477;16579;18412;48714;;21500;3213;13187
NI;Zweitstimme;m;1955 und früher;517926;4175;206511;166847;50653;24359;15221;36792;;13368;1423;9467
NI;Zweitstimme;w;Summe;2577611;15072;698125;644401;356313;92110;242947;319757;;208887;19228;106334
NI;Zweitstimme;w;2001 – 2007;170382;403;15308;23490;20404;5858;68531;17776;;18611;1213;8647
NI;Zweitstimme;w;1991 – 2000;314420;712;47389;50709;47142;11870;64801;50367;;41430;2647;20241
NI;Zweitstimme;w;1981 – 1990;366837;1164;81107;62676;74653;13969;34367;57193;;41708;3405;20726
NI;Zweitstimme;w;1966 – 1980;613297;2962;165866;136189;107821;21083;40263;81512;;57600;5936;29881
NI;Zweitstimme;w;1956 – 1965;492565;2791;141264;148680;67591;15901;20539;63676;;32124;4411;17360
NI;Zweitstimme;w;1955 und früher;620110;7039;247191;222657;38702;23430;14445;49232;;17414;1617;9479
HB;Erststimme;Summe;Summe;350366;3286;78673;95267;52638;9664;44408;53287;;13143;1758;
HB;Erststimme;Summe;2001 – 2007;23164;137;1929;4859;2598;941;8366;3264;;1070;125;
HB;Erststimme;Summe;1991 – 2000;49154;215;6011;9539;7386;1802;11982;9531;;2688;135;
HB;Erststimme;Summe;1981 – 1990;50155;439;9206;8929;10751;1296;7329;9163;;3041;479;
HB;Erststimme;Summe;1966 – 1980;78034;740;18088;19952;15079;1726;6899;12109;;3442;523;
HB;Erststimme;Summe;1956 – 1965;67936;846;16144;20370;11127;1607;5286;10749;;1808;311;
HB;Erststimme;Summe;1955 und früher;81924;909;27295;31618;5698;2292;4546;8471;;1095;184;
HB;Erststimme;m;Summe;167834;1650;38796;43525;30287;4967;18956;22605;;7048;652;
HB;Erststimme;m;2001 – 2007;10919;92;1289;2169;1843;476;2950;1375;;726;44;
HB;Erststimme;m;1991 – 2000;25003;147;3191;5175;4520;1181;4953;4433;;1404;24;
HB;Erststimme;m;1981 – 1990;25941;199;4832;4420;6370;736;3483;4117;;1786;183;
HB;Erststimme;m;1966 – 1980;38524;337;9192;9765;8808;740;2825;5101;;1756;211;
HB;Erststimme;m;1956 – 1965;32665;396;8229;9317;6241;633;2309;4542;;998;155;
HB;Erststimme;m;1955 und früher;34781;480;12063;12679;2505;1202;2436;3038;;377;35;
HB;Erststimme;w;Summe;182532;1636;39877;51742;22351;4697;25452;30682;;6095;1106;
HB;Erststimme;w;2001 – 2007;12245;45;640;2690;755;465;5416;1889;;344;81;
HB;Erststimme;w;1991 – 2000;24150;68;2820;4363;2867;621;7029;5098;;1284;111;
HB;Erststimme;w;1981 – 1990;24214;240;4374;4510;4381;561;3847;5046;;1255;296;
HB;Erststimme;w;1966 – 1980;39510;403;8896;10187;6270;986;4074;7008;;1685;312;
HB;Erststimme;w;1956 – 1965;35271;450;7915;11054;4886;973;2977;6206;;810;156;
HB;Erststimme;w;1955 und früher;47143;429;15232;18939;3192;1090;2110;5433;;717;149;
HB;Zweitstimme;Summe;Summe;350366;2110;71573;80604;52496;12295;51461;54280;;25547;1618;15114
HB;Zweitstimme;Summe;2001 – 2007;23164;97;1594;2866;2573;844;10306;2935;;1948;89;1194
HB;Zweitstimme;Summe;1991 – 2000;49154;69;4951;6235;7236;1940;14280;9202;;5240;90;2803
HB;Zweitstimme;Summe;1981 – 1990;50155;190;8073;6872;10439;1471;8368;8919;;5823;474;3383
HB;Zweitstimme;Summe;1966 – 1980;78034;433;16612;16789;15250;2237;7819;13062;;5833;403;3360
HB;Zweitstimme;Summe;1956 – 1965;67936;426;14746;18071;11343;2160;5866;11345;;3979;345;2569
HB;Zweitstimme;Summe;1955 und früher;81924;895;25597;29770;5656;3644;4822;8817;;2724;217;1805
HB;Zweitstimme;m;Summe;167834;847;35281;36496;30510;6589;21165;24064;;12881;743;7253
HB;Zweitstimme;m;2001 – 2007;10919;72;1021;1506;1838;461;3338;1520;;1160;20;701
HB;Zweitstimme;m;1991 – 2000;25003;55;2676;3216;4521;1319;5824;4425;;2968;71;1466
HB;Zweitstimme;m;1981 – 1990;25941;103;4258;3410;6399;841;3482;4425;;3023;318;1565
HB;Zweitstimme;m;1966 – 1980;38524;195;8425;8214;8957;1106;3342;5566;;2720;203;1438
HB;Zweitstimme;m;1956 – 1965;32665;191;7524;8262;6319;925;2616;4913;;1916;108;1255
HB;Zweitstimme;m;1955 und früher;34781;231;11377;11887;2475;1937;2563;3215;;1095;23;828
HB;Zweitstimme;w;Summe;182532;1263;36292;44108;21986;5706;30296;30216;;12666;875;7861
HB;Zweitstimme;w;2001 – 2007;12245;25;573;1360;735;383;6968;1415;;788;68;493
HB;Zweitstimme;w;1991 – 2000;24150;14;2275;3019;2715;620;8456;4778;;2272;20;1337
HB;Zweitstimme;w;1981 – 1990;24214;87;3816;3462;4039;629;4886;4494;;2801;156;1818
HB;Zweitstimme;w;1966 – 1980;39510;237;8187;8576;6293;1131;4478;7496;;3113;200;1922
HB;Zweitstimme;w;1956 – 1965;35271;235;7222;9808;5024;1235;3251;6432;;2064;237;1314
HB;Zweitstimme;w;1955 und früher;47143;664;14220;17883;3181;1707;2258;5602;;1628;194;978
NW;Erststimme;Summe;Summe;10587740;97311;3566853;2633792;1720896;349157;714177;1230253;;275301;113892;6515
NW;Erststimme;Summe;2001 – 2007;753911;4502;139089;182922;108039;35376;154891;103076;;26015;6941;960
NW;Erststimme;Summe;1991 – 2000;1419157;9311;292412;298389;254482;63445;193602;245916;;61599;20057;1369
NW;Erststimme;Summe;1981 – 1990;1525636;12767;436091;294056;342064;55926;113238;212679;;58815;23896;1200
NW;Erststimme;Summe;1966 – 1980;2526524;20066;881791;548405;509859;77321;130251;289054;;69776;32789;1482
NW;Erststimme;Summe;1956 – 1965;2074321;20851;741228;582834;334759;52548;75277;227793;;39031;20411;924
NW;Erststimme;Summe;1955 und früher;2288191;29814;1076242;727185;171693;64540;46918;151735;;20064;9798;580
NW;Erststimme;m;Summe;5142343;44449;1771239;1181659;1015699;178253;299103;514890;;137050;55338;2550
NW;Erststimme;m;2001 – 2007;373924;2280;83901;81158;74072;23327;52788;41725;;14675;4010;252
NW;Erststimme;m;1991 – 2000;708236;4581;159953;136266;155136;35827;78981;105618;;31873;10897;530
NW;Erststimme;m;1981 – 1990;765105;6277;220537;131650;202526;29307;52067;92487;;30254;11496;489
NW;Erststimme;m;1966 – 1980;1253329;9051;452862;246924;299075;36726;54578;121405;;32709;15113;561
NW;Erststimme;m;1956 – 1965;1024738;10027;375655;273162;191849;24412;37286;93749;;18598;9747;395
NW;Erststimme;m;1955 und früher;1017011;12234;478331;312499;93042;28654;23404;59906;;8941;4074;323
NW;Erststimme;w;Summe;5445397;52862;1795614;1452133;705197;170904;415074;715363;;138251;58554;3965
NW;Erststimme;w;2001 – 2007;379987;2222;55189;101764;33968;12050;102103;61352;;11340;2931;708
NW;Erststimme;w;1991 – 2000;710921;4730;132459;162123;99346;27618;114621;140297;;29727;9159;839
NW;Erststimme;w;1981 – 1990;760531;6490;215554;162406;139538;26619;61171;120192;;28561;12400;712
NW;Erststimme;w;1966 – 1980;1273195;11015;428929;301482;210784;40595;75673;167649;;37067;17676;921
NW;Erststimme;w;1956 – 1965;1049584;10825;365572;309672;142910;28137;37991;134044;;20433;10664;529
NW;Erststimme;w;1955 und früher;1271180;17580;597911;414686;78651;35885;23515;91828;;11123;5724;256
NW;Zweitstimme;Summe;Summe;10587740;61606;3170627;2108434;1770379;462446;877123;1300901;;836224;52891;432911
NW;Zweitstimme;Summe;2001 – 2007;753911;2143;101349;100256;113318;42939;212946;92159;;88802;3322;44554
NW;Zweitstimme;Summe;1991 – 2000;1419157;4700;224855;180883;262148;74183;259009;227724;;185653;10189;83509
NW;Zweitstimme;Summe;1981 – 1990;1525636;6238;363861;204980;354139;68525;127906;224503;;175484;11588;84659
NW;Zweitstimme;Summe;1966 – 1980;2526524;11456;781088;433517;525612;105496;138272;327005;;204078;15390;110443
NW;Zweitstimme;Summe;1956 – 1965;2074321;13243;685203;510819;338944;73575;83521;255981;;113034;8332;67666
NW;Zweitstimme;Summe;1955 und früher;2288191;23826;1014270;677978;176217;97728;55469;173530;;69173;4070;42079
NW;Zweitstimme;m;Summe;5142343;25186;1577365;939353;1061958;254202;355256;567432;;361591;24547;189908
NW;Zweitstimme;m;2001 – 2007;373924;1235;61659;50018;77920;28812;67172;41296;;45812;2171;22075
NW;Zweitstimme;m;1991 – 2000;708236;2320;124665;83271;163692;45067;101507;103844;;83870;5013;37093
NW;Zweitstimme;m;1981 – 1990;765105;2893;186462;89277;213814;39288;56190;102206;;74975;4908;36517
NW;Zweitstimme;m;1966 – 1980;1253329;4025;405255;193703;311989;55174;57780;141634;;83769;6879;46576
NW;Zweitstimme;m;1956 – 1965;1024738;5893;348800;235208;198614;39297;43298;108679;;44949;4214;27728
NW;Zweitstimme;m;1955 und früher;1017011;8822;450524;287875;95928;46563;29310;69773;;28216;1363;19918
NW;Zweitstimme;w;Summe;5445397;36420;1593262;1169081;708421;208244;521867;733469;;474633;28344;243003
NW;Zweitstimme;w;2001 – 2007;379987;908;39690;50238;35398;14126;145774;50862;;42990;1151;22479
NW;Zweitstimme;w;1991 – 2000;710921;2381;100190;97612;98457;29116;157502;123880;;101783;5176;46416
NW;Zweitstimme;w;1981 – 1990;760531;3345;177399;115703;140325;29237;71716;122297;;100509;6680;48143
NW;Zweitstimme;w;1966 – 1980;1273195;7431;375833;239814;213622;50322;80493;185371;;120308;8511;63866
NW;Zweitstimme;w;1956 – 1965;1049584;7350;336404;275611;140330;34278;40223;147302;;68086;4118;39938
NW;Zweitstimme;w;1955 und früher;1271180;15004;563746;390102;80289;51165;26159;103756;;40957;2707;22161
HE;Erststimme;Summe;Summe;3608634;35802;1154330;843094;633669;128781;256907;411127;;144924;80795;
HE;Erststimme;Summe;2001 – 2007;256938;2359;45216;61936;40015;13805;51616;29738;;12252;5105;
HE;Erststimme;Summe;1991 – 2000;433385;4311;82591;89330;79365;21771;63265;63486;;29265;13868;
HE;Erststimme;Summe;1981 – 1990;506740;4326;134681;93555;115389;17112;41824;70562;;29292;15350;
HE;Erststimme;Summe;1966 – 1980;907996;7276;298499;176174;198769;29957;50163;107530;;39629;23760;
HE;Erststimme;Summe;1956 – 1965;706431;7581;235236;183833;124807;18555;29944;84308;;22168;14540;
HE;Erststimme;Summe;1955 und früher;797145;9949;358107;238267;75324;27582;20095;55503;;12318;8172;
HE;Erststimme;m;Summe;1759172;16298;572859;378627;374151;65766;103851;180078;;67541;35224;
HE;Erststimme;m;2001 – 2007;129669;1516;27001;28038;26286;8652;18075;13335;;6765;2727;
HE;Erststimme;m;1991 – 2000;218149;1894;44921;40371;50053;12282;25097;28141;;15391;7450;
HE;Erststimme;m;1981 – 1990;251383;1649;68935;41199;67871;8242;17916;32262;;13308;6706;
HE;Erststimme;m;1966 – 1980;452512;3058;153361;79763;118567;14422;19072;47051;;17219;9393;
HE;Erststimme;m;1956 – 1965;346783;3505;118487;84442;71995;8627;13842;36007;;9877;6273;
HE;Erststimme;m;1955 und früher;360676;4676;160155;104814;39379;13541;9848;23283;;4980;2675;
HE;Erststimme;w;Summe;1849462;19504;581471;464467;259518;63015;153056;231049;;77383;45571;
HE;Erststimme;w;2001 – 2007;127269;843;18215;33898;13729;5153;33540;16404;;5487;2378;
HE;Erststimme;w;1991 – 2000;215236;2417;37670;48959;29313;9489;38168;35345;;13874;6418;
HE;Erststimme;w;1981 – 1990;255357;2676;65747;52356;47517;8869;23908;38300;;15984;8644;
HE;Erststimme;w;1966 – 1980;455484;4218;145138;96411;80201;15535;31091;60479;;22410;14367;
HE;Erststimme;w;1956 – 1965;359648;4076;116749;99391;52812;9928;16101;48301;;12291;8266;
HE;Erststimme;w;1955 und früher;436469;5273;197952;133452;35946;14041;10248;32220;;7337;5497;
HE;Zweitstimme;Summe;Summe;3608634;27800;1033842;657510;636778;180823;311058;451510;;309313;46567;158653
HE;Zweitstimme;Summe;2001 – 2007;256938;2130;35302;31847;40540;17570;74361;25983;;29204;2993;14840
HE;Zweitstimme;Summe;1991 – 2000;433385;2214;68364;53535;78591;24438;80822;61501;;63919;6646;29468
HE;Zweitstimme;Summe;1981 – 1990;506740;3073;116084;66156;117892;21042;44744;76042;;61705;8890;31508
HE;Zweitstimme;Summe;1966 – 1980;907996;5698;265842;137406;200350;43365;53028;123456;;78851;13812;39665
HE;Zweitstimme;Summe;1956 – 1965;706431;5400;216346;152277;124349;29141;34282;98219;;46419;8768;27133
HE;Zweitstimme;Summe;1955 und früher;797145;9285;331903;216288;75056;45268;23820;66309;;29215;5458;16039
HE;Zweitstimme;m;Summe;1759172;12702;510684;292737;381271;99555;124170;201705;;136348;20664;72091
HE;Zweitstimme;m;2001 – 2007;129669;1463;20597;16005;27820;11409;24517;12702;;15157;1747;7391
HE;Zweitstimme;m;1991 – 2000;218149;1210;37144;24696;49982;15326;30827;27883;;31082;3332;14029
HE;Zweitstimme;m;1981 – 1990;251383;1213;58710;28149;70884;11126;19089;35452;;26760;4030;14328
HE;Zweitstimme;m;1966 – 1980;452512;2429;136564;60574;121150;23006;21265;55146;;32379;6180;16684
HE;Zweitstimme;m;1956 – 1965;346783;2438;110056;69515;71718;15287;16181;43034;;18553;3505;11581
HE;Zweitstimme;m;1955 und früher;360676;3950;147612;93797;39718;23402;12292;27488;;12416;1871;8078
HE;Zweitstimme;w;Summe;1849462;15098;523158;364773;255507;81268;186888;249805;;172965;25903;86562
HE;Zweitstimme;w;2001 – 2007;127269;668;14706;15842;12720;6161;49844;13282;;14047;1246;7449
HE;Zweitstimme;w;1991 – 2000;215236;1004;31220;28839;28610;9112;49996;33618;;32837;3314;15439
HE;Zweitstimme;w;1981 – 1990;255357;1861;57375;38007;47008;9917;25655;40590;;34945;4860;17179
HE;Zweitstimme;w;1966 – 1980;455484;3270;129277;76833;79200;20359;31763;68310;;46472;7632;22981
HE;Zweitstimme;w;1956 – 1965;359648;2961;106290;82762;52630;13854;18101;55184;;27866;5263;15553
HE;Zweitstimme;w;1955 und früher;436469;5334;184291;122491;35338;21866;11529;38820;;16799;3587;7961
RP;Erststimme;Summe;Summe;2500548;27497;831611;573461;476014;83327;123638;204080;;180920;80572;54639
RP;Erststimme;Summe;2001 – 2007;166498;1611;29762;40367;28260;7275;26452;16663;;16107;5308;5401
RP;Erststimme;Summe;1991 – 2000;313683;1798;66395;61220;68131;14837;31662;36571;;33070;13111;8768
RP;Erststimme;Summe;1981 – 1990;362677;2897;100605;63983;94259;11147;19458;36659;;33671;15076;9028
RP;Erststimme;Summe;1966 – 1980;595046;5608;197696;117260;136234;17461;21589;49575;;49623;24552;14578
RP;Erststimme;Summe;1956 – 1965;516805;5242;182734;133021;97164;15100;14187;39266;;30090;13733;10070
RP;Erststimme;Summe;1955 und früher;545838;10341;254419;157609;51966;17508;10290;25346;;18360;8792;6794
RP;Erststimme;m;Summe;1240565;12789;417277;263160;287072;44167;51241;84999;;79859;36609;24166
RP;Erststimme;m;2001 – 2007;85406;925;17156;18920;19407;5087;8911;6689;;8312;2731;2921
RP;Erststimme;m;1991 – 2000;161048;1139;35839;27928;41972;9757;13821;14686;;15905;6601;4417
RP;Erststimme;m;1981 – 1990;189457;1305;52024;30895;57910;6092;8725;17008;;15498;7623;3918
RP;Erststimme;m;1966 – 1980;297477;2368;101045;54329;81429;8471;8567;20664;;20604;11101;5625
RP;Erststimme;m;1956 – 1965;256421;2655;94520;60976;57144;6602;6380;15739;;12405;5314;4275
RP;Erststimme;m;1955 und früher;250756;4398;116693;70112;29210;8158;4837;10213;;7135;3239;3011
RP;Erststimme;w;Summe;1259983;14708;414334;310301;188942;39160;72397;119081;;101061;43963;30473
RP;Erststimme;w;2001 – 2007;81092;687;12606;21447;8853;2189;17542;9974;;7795;2577;2480
RP;Erststimme;w;1991 – 2000;152635;659;30556;33292;26159;5080;17841;21885;;17165;6511;4351
RP;Erststimme;w;1981 – 1990;173221;1592;48581;33089;36349;5054;10733;19651;;18173;7453;5110
RP;Erststimme;w;1966 – 1980;297570;3241;96651;62931;54805;8990;13022;28911;;29019;13452;8953
RP;Erststimme;w;1956 – 1965;260384;2587;88214;72045;40020;8498;7807;23528;;17685;8419;5796
RP;Erststimme;w;1955 und früher;295082;5943;137726;87497;22756;9349;5453;15133;;11225;5552;3783
RP;Zweitstimme;Summe;Summe;2500548;18190;760623;462705;498695;114047;161867;256869;;227552;52013;105103
RP;Zweitstimme;Summe;2001 – 2007;166498;1477;23310;21519;30194;10345;41697;18157;;19798;2390;9012
RP;Zweitstimme;Summe;1991 – 2000;313683;1033;53508;37915;71635;18518;44940;42681;;43453;8734;17261
RP;Zweitstimme;Summe;1981 – 1990;362677;2080;88740;44096;100731;15768;21936;45968;;43359;9693;18863
RP;Zweitstimme;Summe;1966 – 1980;595046;3529;182134;93899;142678;24144;25065;64630;;58967;14630;28419
RP;Zweitstimme;Summe;1956 – 1965;516805;3153;168846;116566;99430;20198;17028;52558;;39025;9770;20076
RP;Zweitstimme;Summe;1955 und früher;545838;6918;244085;148710;54026;25074;11200;32874;;22951;6796;11472
RP;Zweitstimme;m;Summe;1240565;7245;382645;209575;303587;63302;64325;112065;;97820;24356;46048
RP;Zweitstimme;m;2001 – 2007;85406;1004;14458;11154;20567;6974;13012;7893;;10344;1286;4344
RP;Zweitstimme;m;1991 – 2000;161048;598;27451;17846;45380;12519;17520;18915;;20820;4795;8148
RP;Zweitstimme;m;1981 – 1990;189457;987;46558;20546;62455;8655;10394;20775;;19088;5079;8006
RP;Zweitstimme;m;1966 – 1980;297477;878;93323;42889;85626;12326;10055;29014;;23365;6636;11865
RP;Zweitstimme;m;1956 – 1965;256421;1509;88072;52516;59258;10374;7810;21780;;15102;4156;8377
RP;Zweitstimme;m;1955 und früher;250756;2270;112784;64624;30302;12455;5534;13688;;9100;2404;5308
RP;Zweitstimme;w;Summe;1259983;10945;377978;253130;195108;50745;97542;144804;;129732;27657;59055
RP;Zweitstimme;w;2001 – 2007;81092;474;8852;10365;9627;3371;28685;10264;;9454;1103;4668
RP;Zweitstimme;w;1991 – 2000;152635;435;26057;20069;26256;5999;27420;23766;;22633;3939;9113
RP;Zweitstimme;w;1981 – 1990;173221;1094;42182;23549;38276;7113;11543;25193;;24271;4614;10858
RP;Zweitstimme;w;1966 – 1980;297570;2650;88811;51010;57052;11818;15010;35616;;35601;7994;16554
RP;Zweitstimme;w;1956 – 1965;260384;1645;80774;64050;40173;9824;9218;30778;;23923;5615;11699
RP;Zweitstimme;w;1955 und früher;295082;4648;131301;84086;23724;12620;5666;19186;;13851;4392;6163
BW;Erststimme;Summe;Summe;6382446;49732;2280707;1002327;1231221;271794;360037;887608;;299020;163869;
BW;Erststimme;Summe;2001 – 2007;485790;2941;96370;79492;84152;27124;79805;86129;;29777;12594;
BW;Erststimme;Summe;1991 – 2000;859996;4571;205789;113496;166813;46644;91391;164781;;66510;28258;
BW;Erststimme;Summe;1981 – 1990;944662;4623;295045;111894;233677;40659;56060;146572;;56132;30970;
BW;Erststimme;Summe;1966 – 1980;1507721;8826;540024;193327;363199;55576;64410;205614;;76745;46634;
BW;Erststimme;Summe;1956 – 1965;1239842;10461;474711;218253;243275;43089;41710;163850;;44492;28600;
BW;Erststimme;Summe;1955 und früher;1344435;18310;668768;285864;140106;58701;26662;120661;;25363;16812;
BW;Erststimme;m;Summe;3129180;23129;1126853;444035;724016;139726;147720;388373;;135330;72341;
BW;Erststimme;m;2001 – 2007;247190;1825;56870;34637;57114;17513;27086;36076;;16070;6822;
BW;Erststimme;m;1991 – 2000;438504;2660;107636;51913;103815;27209;38210;73598;;33463;14101;
BW;Erststimme;m;1981 – 1990;478740;2659;147362;49509;142065;21888;24455;65199;;25604;13996;
BW;Erststimme;m;1966 – 1980;746552;4186;273174;85807;207964;26468;25899;91834;;31219;19095;
BW;Erststimme;m;1956 – 1965;612264;4500;240477;98616;139003;19635;18719;72104;;19210;12270;
BW;Erststimme;m;1955 und früher;605930;7299;301334;123554;74055;27011;13352;49562;;9764;6056;
BW;Erststimme;w;Summe;3253266;26603;1153854;558292;507205;132068;212317;499235;;163690;91528;
BW;Erststimme;w;2001 – 2007;238600;1116;39500;44855;27038;9611;52719;50054;;13708;5772;
BW;Erststimme;w;1991 – 2000;421492;1911;98153;61583;62998;19435;53182;91184;;33047;14157;
BW;Erststimme;w;1981 – 1990;465922;1964;147684;62385;91612;18771;31605;81373;;30528;16974;
BW;Erststimme;w;1966 – 1980;761169;4640;266850;107521;155234;29108;38511;113780;;45527;27539;
BW;Erststimme;w;1956 – 1965;627578;5961;234234;119638;104272;23454;22991;91746;;25282;16330;
BW;Erststimme;w;1955 und früher;738505;11012;367434;162310;66051;31690;13310;71099;;15599;10756;
BW;Zweitstimme;Summe;Summe;6382446;32448;2006866;898778;1256430;357539;429484;865738;;535163;86311;260219
BW;Zweitstimme;Summe;2001 – 2007;485790;1110;71169;54579;88117;32567;113195;68653;;56400;5835;27092
BW;Zweitstimme;Summe;1991 – 2000;859996;2358;163325;87542;173637;55888;116221;149213;;111813;15797;46321
BW;Zweitstimme;Summe;1981 – 1990;944662;2696;251795;95496;241287;49835;60239;145952;;97362;15474;45078
BW;Zweitstimme;Summe;1966 – 1980;1507721;4949;474320;176543;370926;74032;66998;208421;;131534;22991;66479
BW;Zweitstimme;Summe;1956 – 1965;1239842;6244;429762;206199;243106;59113;42939;166751;;85727;15822;46823
BW;Zweitstimme;Summe;1955 und früher;1344435;15092;616495;278420;139357;86103;29892;126748;;52327;10391;28425
BW;Zweitstimme;m;Summe;3129180;14241;991394;395672;750163;193121;171459;384883;;228248;38832;109119
BW;Zweitstimme;m;2001 – 2007;247190;688;41627;26094;60611;21795;35529;32809;;28038;3389;12770
BW;Zweitstimme;m;1991 – 2000;438504;1370;86559;38669;109846;34603;46476;69444;;51537;7659;19946
BW;Zweitstimme;m;1981 – 1990;478740;1519;127129;41672;148035;27843;26846;64619;;41079;7548;17977
BW;Zweitstimme;m;1966 – 1980;746552;2185;242342;77633;215795;36648;26902;92988;;52059;10351;26060
BW;Zweitstimme;m;1956 – 1965;612264;3023;216942;92391;141541;29502;20358;73899;;34608;6295;19528
BW;Zweitstimme;m;1955 und früher;605930;5457;276796;119214;74334;42731;15349;51123;;20926;3590;12838
BW;Zweitstimme;w;Summe;3253266;18207;1015472;503106;506267;164418;258025;480855;;306915;47479;151100
BW;Zweitstimme;w;2001 – 2007;238600;422;29542;28485;27506;10772;77666;35844;;28363;2446;14322
BW;Zweitstimme;w;1991 – 2000;421492;987;76766;48873;63791;21285;69745;79768;;60276;8138;26375
BW;Zweitstimme;w;1981 – 1990;465922;1177;124666;53824;93253;21993;33393;81333;;56282;7927;27101
BW;Zweitstimme;w;1966 – 1980;761169;2764;231978;98910;155130;37384;40096;115432;;79474;12640;40419
BW;Zweitstimme;w;1956 – 1965;627578;3221;212820;113808;101564;29612;22581;92852;;51119;9527;27295
BW;Zweitstimme;w;1955 und früher;738505;9635;339699;159206;65023;43373;14544;75624;;31401;6802;15587
BY;Erststimme;Summe;Summe;7996557;47357;;1016841;1384631;246700;366149;969735;3272064;693080;461198;19929
BY;Erststimme;Summe;2001 – 2007;547884;1704;;74599;88318;24855;84045;85095;133099;56170;30916;1764
BY;Erststimme;Summe;1991 – 2000;1093151;4254;;122727;208528;46097;100114;197258;291474;122701;73612;3683
BY;Erststimme;Summe;1981 – 1990;1237659;5487;;127864;270675;36972;58173;188156;423985;126347;79426;3679
BY;Erststimme;Summe;1966 – 1980;1970092;9653;;203991;422684;51970;64052;232211;803858;181672;123106;4858
BY;Erststimme;Summe;1956 – 1965;1537890;10946;;212237;258334;39838;37562;161180;695879;121915;88056;3681
BY;Erststimme;Summe;1955 und früher;1609881;15314;;275423;136092;46969;22204;105834;923769;84276;66083;2263
BY;Erststimme;m;Summe;3974444;23568;;463485;819166;132992;150110;444036;1616071;325016;218931;8183
BY;Erststimme;m;2001 – 2007;284787;841;;33959;58155;16833;28096;37463;79313;30126;16965;793
BY;Erststimme;m;1991 – 2000;559863;2073;;57010;127594;27214;40919;92229;152936;59888;36718;1661
BY;Erststimme;m;1981 – 1990;633476;2958;;59565;162351;19831;25757;87637;215907;59471;37794;1454
BY;Erststimme;m;1966 – 1980;988803;4637;;92077;249116;26149;25449;105097;406728;79550;53954;1824
BY;Erststimme;m;1956 – 1965;770092;5805;;99616;149893;19985;18408;72763;345384;58238;43527;1588
BY;Erststimme;m;1955 und früher;737424;7255;;121258;72056;22980;11480;48847;415803;37744;29973;864
BY;Erststimme;w;Summe;4022113;23789;;553356;565465;113708;216039;525699;1655993;368064;242267;11746
BY;Erststimme;w;2001 – 2007;263097;863;;40639;30163;8022;55948;47631;53787;26044;13952;971
BY;Erststimme;w;1991 – 2000;533288;2181;;65717;80934;18882;59194;105029;138537;62813;36894;2023
BY;Erststimme;w;1981 – 1990;604183;2529;;68299;108324;17140;32416;100520;208078;66876;41632;2226
BY;Erststimme;w;1966 – 1980;981289;5016;;111914;173568;25821;38603;127114;397130;102122;69152;3035
BY;Erststimme;w;1956 – 1965;767798;5141;;112621;108440;19853;19154;88417;350495;63677;44528;2093
BY;Erststimme;w;1955 und früher;872457;8058;;154165;64036;23989;10724;56987;507966;46532;36109;1398
BY;Zweitstimme;Summe;Summe;7996557;24503;;920675;1515731;333257;456935;957435;2964028;823993;345840;246518
BY;Zweitstimme;Summe;2001 – 2007;547884;759;;53855;99040;30600;117525;72036;100800;73268;20718;23399
BY;Zweitstimme;Summe;1991 – 2000;1093151;1179;;99233;232185;54589;132114;178280;240777;154794;51190;44450
BY;Zweitstimme;Summe;1981 – 1990;1237659;1732;;109288;298700;46869;69699;187163;375619;148589;53372;46700
BY;Zweitstimme;Summe;1966 – 1980;1970092;2967;;190948;463558;74204;69988;240113;725257;203056;88187;62486
BY;Zweitstimme;Summe;1956 – 1965;1537890;6120;;201561;276853;58714;40138;167531;649876;137097;67466;41881
BY;Zweitstimme;Summe;1955 und früher;1609881;11746;;265790;145394;68281;27471;112312;871699;107189;64907;27602
BY;Zweitstimme;m;Summe;3974444;11879;;419098;907166;185665;185186;445514;1461963;357973;152933;105537
BY;Zweitstimme;m;2001 – 2007;284787;387;;26059;67291;20890;38553;34608;60259;36740;10865;11118
BY;Zweitstimme;m;1991 – 2000;559863;495;;46998;143987;34115;53921;86037;124629;69680;23886;17974
BY;Zweitstimme;m;1981 – 1990;633476;979;;49128;181181;27026;31402;88913;191672;63175;23078;18558
BY;Zweitstimme;m;1966 – 1980;988803;1340;;86850;275759;37822;27608;108513;368555;82356;36587;25693
BY;Zweitstimme;m;1956 – 1965;770092;2984;;94522;162656;30729;19114;76690;323330;60067;30663;19136
BY;Zweitstimme;m;1955 und früher;737424;5694;;115540;76290;35083;14588;50753;393519;45955;27855;13059
BY;Zweitstimme;w;Summe;4022113;12624;;501577;608565;147592;271749;511921;1502065;466020;192907;140981
BY;Zweitstimme;w;2001 – 2007;263097;373;;27796;31749;9710;78973;37428;40541;36528;9853;12281
BY;Zweitstimme;w;1991 – 2000;533288;683;;52235;88198;20473;78193;92243;116148;85114;27304;26477
BY;Zweitstimme;w;1981 – 1990;604183;754;;60160;117519;19843;38297;98251;183947;85414;30295;28142
BY;Zweitstimme;w;1966 – 1980;981289;1627;;104098;187799;36383;42380;131600;356703;120700;51601;36793
BY;Zweitstimme;w;1956 – 1965;767798;3136;;107039;114197;27985;21024;90841;326546;77030;36802;22745
BY;Zweitstimme;w;1955 und früher;872457;6051;;150249;69104;33198;12883;61559;478180;61234;37052;14543
SL;Erststimme;Summe;Summe;605293;8051;177003;178745;129177;20611;41215;30477;;20014;19458;
SL;Erststimme;Summe;2001 – 2007;37116;461;5505;11215;7858;1784;7296;2038;;958;936;
SL;Erststimme;Summe;1991 – 2000;71001;699;11968;19847;17553;3214;9656;4827;;3236;3119;
SL;Erststimme;Summe;1981 – 1990;86184;913;19022;20809;27086;2667;6636;5580;;3470;3397;
SL;Erststimme;Summe;1966 – 1980;135057;1326;38365;33778;36766;4451;8000;6311;;6060;5896;
SL;Erststimme;Summe;1956 – 1965;129323;2000;39077;42554;25191;3777;5358;7581;;3785;3647;
SL;Erststimme;Summe;1955 und früher;146612;2653;63065;50542;14723;4718;4268;4140;;2505;2463;
SL;Erststimme;m;Summe;297750;3805;86686;81550;74251;10464;18286;13915;;8793;8522;
SL;Erststimme;m;2001 – 2007;19008;253;3125;5749;4665;1115;2704;777;;620;598;
SL;Erststimme;m;1991 – 2000;36362;252;6019;9532;10467;1886;4265;2323;;1618;1570;
SL;Erststimme;m;1981 – 1990;44992;377;9780;9878;16010;1177;3355;2859;;1558;1516;
SL;Erststimme;m;1966 – 1980;66000;710;19202;14899;20831;2074;3054;2787;;2442;2358;
SL;Erststimme;m;1956 – 1965;63998;1001;20057;19327;14411;1941;2587;3331;;1342;1303;
SL;Erststimme;m;1955 und früher;67390;1211;28504;22165;7867;2271;2320;1839;;1213;1177;
SL;Erststimme;w;Summe;307543;4246;90317;97195;54926;10147;22929;16562;;11221;10936;
SL;Erststimme;w;2001 – 2007;18108;208;2381;5466;3193;670;4592;1261;;338;338;
SL;Erststimme;w;1991 – 2000;34639;447;5949;10316;7085;1329;5391;2504;;1618;1549;
SL;Erststimme;w;1981 – 1990;41191;536;9243;10931;11077;1490;3282;2721;;1912;1881;
SL;Erststimme;w;1966 – 1980;69057;616;19163;18879;15935;2376;4946;3524;;3618;3539;
SL;Erststimme;w;1956 – 1965;65326;998;19020;23226;10780;1836;2771;4250;;2444;2344;
SL;Erststimme;w;1955 und früher;79223;1442;34561;28377;6856;2446;1948;2301;;1292;1285;
SL;Zweitstimme;Summe;Summe;605293;5570;161113;131136;129294;25725;44080;43371;;65004;8476;37001
SL;Zweitstimme;Summe;2001 – 2007;37116;287;3928;5069;8077;2109;9141;3149;;5355;204;3172
SL;Zweitstimme;Summe;1991 – 2000;71001;617;9413;10321;18099;3646;11158;6950;;10797;1287;5275
SL;Zweitstimme;Summe;1981 – 1990;86184;613;16475;13532;26870;3072;7066;7618;;10939;1825;5429
SL;Zweitstimme;Summe;1966 – 1980;135057;823;33907;23535;37121;5670;7725;9550;;16727;2667;9334
SL;Zweitstimme;Summe;1956 – 1965;129323;1215;37074;33865;24913;4843;4957;9546;;12910;1498;8497
SL;Zweitstimme;Summe;1955 und früher;146612;2016;60318;44813;14214;6385;4033;6558;;8277;994;5294
SL;Zweitstimme;m;Summe;297750;2457;78552;59742;76154;14164;18695;21400;;26586;3960;15314
SL;Zweitstimme;m;2001 – 2007;19008;120;2218;2400;5008;1590;3286;1582;;2802;149;1468
SL;Zweitstimme;m;1991 – 2000;36362;227;4965;5026;10932;2238;4499;3712;;4763;866;2237
SL;Zweitstimme;m;1981 – 1990;44992;267;8566;6627;16085;1596;3239;3822;;4790;855;2247
SL;Zweitstimme;m;1966 – 1980;66000;468;17221;10225;21758;2725;3031;4589;;5983;1054;3571
SL;Zweitstimme;m;1956 – 1965;63998;553;18622;15604;14474;2629;2505;4506;;5104;508;3658
SL;Zweitstimme;m;1955 und früher;67390;822;26959;19860;7897;3386;2134;3188;;3143;527;2133
SL;Zweitstimme;w;Summe;307543;3113;82561;71394;53140;11561;25385;21971;;38418;4516;21687
SL;Zweitstimme;w;2001 – 2007;18108;167;1709;2669;3069;519;5855;1567;;2553;55;1704
SL;Zweitstimme;w;1991 – 2000;34639;389;4448;5295;7167;1408;6660;3238;;6034;421;3038
SL;Zweitstimme;w;1981 – 1990;41191;346;7908;6905;10784;1476;3826;3796;;6149;970;3182
SL;Zweitstimme;w;1966 – 1980;69057;355;16685;13310;15363;2945;4694;4961;;10744;1613;5763
SL;Zweitstimme;w;1956 – 1965;65326;662;18452;18261;10439;2214;2451;5040;;7806;990;4839
SL;Zweitstimme;w;1955 und früher;79223;1194;33358;24953;6317;2999;1898;3370;;5134;467;3161
BE;Erststimme;Summe;Summe;1961177;18539;413893;326663;294546;52575;423549;338231;;93181;9141;41787
BE;Erststimme;Summe;2001 – 2007;130291;1006;12731;18929;12037;4438;51449;24168;;5533;428;1655
BE;Erststimme;Summe;1991 – 2000;260774;1461;29015;32436;25502;8786;90333;60237;;13003;1052;3772
BE;Erststimme;Summe;1981 – 1990;346108;1916;52969;43934;52076;9700;88395;78305;;18812;2137;6703
BE;Erststimme;Summe;1966 – 1980;476458;4489;99295;70397;86132;12027;84331;97769;;22020;2163;8414
BE;Erststimme;Summe;1956 – 1965;338668;3774;85133;61218;70311;7014;49557;45234;;16427;1995;9289
BE;Erststimme;Summe;1955 und früher;408878;5893;134750;99749;48488;10611;59484;32518;;17386;1366;11954
BE;Erststimme;m;Summe;933433;7910;201872;144816;169572;27595;189305;151481;;40882;4202;18441
BE;Erststimme;m;2001 – 2007;63182;354;7714;9301;8242;2876;22181;10256;;2257;256;855
BE;Erststimme;m;1991 – 2000;124165;688;15941;15739;15353;5010;39617;25126;;6691;459;2077
BE;Erststimme;m;1981 – 1990;172264;704;27947;20657;30277;5436;42217;36535;;8491;1076;2550
BE;Erststimme;m;1966 – 1980;234038;1703;51703;31738;49439;5822;37948;46311;;9376;1178;3288
BE;Erststimme;m;1956 – 1965;164789;2016;40522;27693;40450;3508;23359;20560;;6683;838;4011
BE;Erststimme;m;1955 und früher;174995;2444;58046;39689;25811;4944;23983;12694;;7384;395;5660
BE;Erststimme;w;Summe;1027744;10629;212021;181847;124974;24980;234244;186750;;52299;4939;23346
BE;Erststimme;w;2001 – 2007;67108;652;5017;9628;3795;1562;29268;13912;;3276;172;800
BE;Erststimme;w;1991 – 2000;136609;773;13074;16697;10150;3776;50717;35111;;6312;593;1695
BE;Erststimme;w;1981 – 1990;173844;1212;25022;23277;21800;4265;46178;41770;;10321;1061;4153
BE;Erststimme;w;1966 – 1980;242420;2786;47592;38659;36692;6205;46383;51458;;12644;985;5126
BE;Erststimme;w;1956 – 1965;173878;1758;44611;33525;29861;3506;26199;24674;;9744;1157;5277
BE;Erststimme;w;1955 und früher;233884;3448;76704;60061;22677;5667;35500;19824;;10003;971;6294
BE;Zweitstimme;Summe;Summe;1961177;11644;356099;295182;296990;74076;387222;328035;;211929;6402;129651
BE;Zweitstimme;Summe;2001 – 2007;130291;548;9192;11931;12110;5716;56551;18555;;15688;332;7896
BE;Zweitstimme;Summe;1991 – 2000;260774;790;22303;23601;25892;11512;93094;51792;;31790;975;15131
BE;Zweitstimme;Summe;1981 – 1990;346108;1149;43489;38191;53424;12034;76399;79583;;41840;1214;20415
BE;Zweitstimme;Summe;1966 – 1980;476458;2475;88440;64422;84975;18090;69883;97473;;50700;1745;31954
BE;Zweitstimme;Summe;1956 – 1965;338668;2459;73117;58478;70765;10764;41589;47120;;34375;985;24893
BE;Zweitstimme;Summe;1955 und früher;408878;4223;119558;98560;49824;15959;49707;33513;;37536;1152;29362
BE;Zweitstimme;m;Summe;933433;5254;175689;129867;172737;41150;163500;151772;;93465;2932;58533
BE;Zweitstimme;m;2001 – 2007;63182;236;5871;6162;8577;3329;21438;9666;;7903;220;4314
BE;Zweitstimme;m;1991 – 2000;124165;470;11647;11587;15931;7015;37495;23727;;16292;455;7979
BE;Zweitstimme;m;1981 – 1990;172264;435;23546;18427;31241;7138;35879;37038;;18560;614;8797
BE;Zweitstimme;m;1966 – 1980;234038;887;47029;29572;49296;9824;30544;45749;;21137;790;13447
BE;Zweitstimme;m;1956 – 1965;164789;1357;35707;25960;40817;5749;19219;21698;;14283;427;10605
BE;Zweitstimme;m;1955 und früher;174995;1868;51888;38158;26876;8096;18925;13894;;15290;426;13390
BE;Zweitstimme;w;Summe;1027744;6390;180410;165315;124253;32926;223722;176263;;118464;3470;71118
BE;Zweitstimme;w;2001 – 2007;67108;312;3320;5768;3533;2388;35113;8889;;7784;111;3582
BE;Zweitstimme;w;1991 – 2000;136609;320;10656;12013;9960;4497;55599;28065;;15499;520;7152
BE;Zweitstimme;w;1981 – 1990;173844;714;19943;19764;22183;4897;40519;42545;;23280;601;11618
BE;Zweitstimme;w;1966 – 1980;242420;1588;41411;34850;35679;8266;39339;51724;;29563;954;18507
BE;Zweitstimme;w;1956 – 1965;173878;1102;37411;32518;29949;5016;22370;25421;;20092;558;14287
BE;Zweitstimme;w;1955 und früher;233884;2355;67670;60402;22948;7863;30781;19619;;22246;726;15973
BB;Erststimme;Summe;Summe;1658681;16488;332331;337040;565718;44451;189182;86006;;87465;53057;
BB;Erststimme;Summe;2001 – 2007;90369;864;9913;15251;30010;2496;19299;6017;;6519;3075;
BB;Erststimme;Summe;1991 – 2000;132167;1052;17664;20513;45530;4257;19906;13624;;9622;4405;
BB;Erststimme;Summe;1981 – 1990;284155;2815;46655;39436;124177;7815;22765;21365;;19127;10352;
BB;Erststimme;Summe;1966 – 1980;422849;2426;84999;66897;172101;10505;37761;22843;;25318;16894;
BB;Erststimme;Summe;1956 – 1965;338838;2498;79391;70393;116248;9785;34119;11570;;14835;10444;
BB;Erststimme;Summe;1955 und früher;390302;6834;93711;124550;77650;9594;55331;10587;;12044;7887;
BB;Erststimme;m;Summe;793979;7408;158139;139364;316129;21101;76605;38439;;36794;21275;
BB;Erststimme;m;2001 – 2007;44038;151;5127;5915;18928;1436;6796;2466;;3218;1363;
BB;Erststimme;m;1991 – 2000;63687;571;8548;8215;25624;2231;8727;4994;;4777;1864;
BB;Erststimme;m;1981 – 1990;138802;1221;23798;16404;66253;3574;9705;9629;;8218;4518;
BB;Erststimme;m;1966 – 1980;214665;793;42919;30381;99111;4369;15241;11178;;10673;6724;
BB;Erststimme;m;1956 – 1965;166345;947;37615;32190;65348;5139;13334;5723;;6049;4487;
BB;Erststimme;m;1955 und früher;166441;3725;40132;46259;40864;4352;22802;4447;;3860;2319;
BB;Erststimme;w;Summe;864702;9080;174192;197676;249589;23350;112577;47567;;50671;31782;
BB;Erststimme;w;2001 – 2007;46331;713;4785;9336;11082;1060;12503;3551;;3302;1712;
BB;Erststimme;w;1991 – 2000;68480;481;9116;12298;19906;2025;11179;8630;;4846;2541;
BB;Erststimme;w;1981 – 1990;145353;1594;22857;23032;57924;4241;13060;11736;;10909;5834;
BB;Erststimme;w;1966 – 1980;208184;1633;42079;36516;72991;6136;22520;11664;;14645;10169;
BB;Erststimme;w;1956 – 1965;172493;1550;41776;38203;50901;4646;20785;5846;;8786;5957;
BB;Erststimme;w;1955 und früher;223861;3109;53579;78291;36786;5243;32529;6140;;8184;5568;
BB;Zweitstimme;Summe;Summe;1658681;11343;298048;244010;535275;53467;176224;108598;;231716;23969;176405
BB;Zweitstimme;Summe;2001 – 2007;90369;868;7144;6522;28023;3620;23370;6883;;13939;928;8368
BB;Zweitstimme;Summe;1991 – 2000;132167;746;14597;9679;43285;4713;24581;14084;;20483;2783;11725
BB;Zweitstimme;Summe;1981 – 1990;284155;2225;42180;25285;120074;8731;22909;24240;;38512;4906;24858
BB;Zweitstimme;Summe;1966 – 1980;422849;1503;77794;43988;164989;13932;31125;31991;;57526;8172;41598
BB;Zweitstimme;Summe;1956 – 1965;338838;2264;68638;52658;108318;11339;30337;17286;;48000;3867;41719
BB;Zweitstimme;Summe;1955 und früher;390302;3738;87695;105878;70588;11131;43903;14113;;53256;3314;48136
BB;Zweitstimme;m;Summe;793979;5011;145029;99492;301313;26971;72482;49418;;94265;10353;69595
BB;Zweitstimme;m;2001 – 2007;44038;156;4078;3007;17828;2265;7945;3183;;5576;419;2741
BB;Zweitstimme;m;1991 – 2000;63687;427;8063;4003;24794;2800;10020;6040;;7541;621;4348
BB;Zweitstimme;m;1981 – 1990;138802;1224;21807;10680;64486;4753;9979;10551;;15321;2614;8492
BB;Zweitstimme;m;1966 – 1980;214665;593;38128;19838;95006;6994;14051;15230;;24824;4238;17146
BB;Zweitstimme;m;1956 – 1965;166345;997;34934;22976;61890;6010;13367;8743;;17429;1562;14864
BB;Zweitstimme;m;1955 und früher;166441;1613;38020;38988;37308;4148;17120;5672;;23573;900;22004
BB;Zweitstimme;w;Summe;864702;6332;153019;144518;233962;26496;103742;59180;;137451;13616;106810
BB;Zweitstimme;w;2001 – 2007;46331;712;3067;3514;10195;1354;15424;3701;;8364;509;5627
BB;Zweitstimme;w;1991 – 2000;68480;318;6534;5677;18490;1914;14561;8044;;12941;2162;7377
BB;Zweitstimme;w;1981 – 1990;145353;1000;20374;14605;55587;3978;12929;13689;;23191;2292;16366
BB;Zweitstimme;w;1966 – 1980;208184;910;39666;24150;69983;6938;17074;16761;;32702;3934;24452
BB;Zweitstimme;w;1956 – 1965;172493;1267;33704;29682;46427;5329;16970;8543;;30571;2305;26855
BB;Zweitstimme;w;1955 und früher;223861;2125;49675;66890;33280;6983;26783;8442;;29683;2414;26132
MV;Erststimme;Summe;Summe;1029038;11315;205786;179547;376846;29339;144778;36898;;44529;27571;
MV;Erststimme;Summe;2001 – 2007;57123;250;5113;10432;20341;1866;14218;2715;;2188;1278;
MV;Erststimme;Summe;1991 – 2000;82516;476;9581;13838;27501;2505;17339;7071;;4205;2094;
MV;Erststimme;Summe;1981 – 1990;154418;1491;23772;18814;72910;4173;16745;7788;;8726;5800;
MV;Erststimme;Summe;1966 – 1980;238785;1652;48228;30408;108197;7057;23303;7837;;12102;7408;
MV;Erststimme;Summe;1956 – 1965;229751;2536;50701;38841;86895;6184;29250;5742;;9602;6256;
MV;Erststimme;Summe;1955 und früher;266445;4910;68391;67214;61003;7553;43923;5745;;7705;4735;
MV;Erststimme;m;Summe;493059;4818;96119;73432;214165;12098;60280;16077;;16071;10949;
MV;Erststimme;m;2001 – 2007;28483;178;2939;4177;12975;977;4822;1389;;1026;724;
MV;Erststimme;m;1991 – 2000;40684;282;4916;5958;15411;1361;7835;3262;;1658;1069;
MV;Erststimme;m;1981 – 1990;76745;695;11713;7816;40884;1752;7149;3366;;3370;2436;
MV;Erststimme;m;1966 – 1980;121573;696;24165;13107;62871;2797;9643;3772;;4521;3191;
MV;Erststimme;m;1956 – 1965;111186;1000;23990;15925;50161;2501;11945;2348;;3317;2147;
MV;Erststimme;m;1955 und früher;114390;1967;28396;26449;31864;2709;18886;1939;;2180;1382;
MV;Erststimme;w;Summe;535979;6497;109667;106115;162681;17241;84498;20821;;28458;16622;
MV;Erststimme;w;2001 – 2007;28640;72;2174;6255;7366;889;9396;1326;;1163;554;
MV;Erststimme;w;1991 – 2000;41833;194;4665;7880;12090;1143;9504;3809;;2547;1025;
MV;Erststimme;w;1981 – 1990;77674;796;12059;10998;32026;2421;9596;4422;;5356;3364;
MV;Erststimme;w;1966 – 1980;117212;955;24063;17301;45326;4259;13659;4065;;7582;4218;
MV;Erststimme;w;1956 – 1965;118566;1537;26711;22916;36734;3684;17305;3394;;6285;4110;
MV;Erststimme;w;1955 und früher;152055;2943;39995;40765;29140;4844;25037;3806;;5526;3352;
MV;Zweitstimme;Summe;Summe;1029038;7796;181956;126687;357361;32678;123059;54719;;144782;10814;107872
MV;Zweitstimme;Summe;2001 – 2007;57123;212;3508;3643;19516;1867;15575;5224;;7577;433;4288
MV;Zweitstimme;Summe;1991 – 2000;82516;335;7468;6018;26860;3061;17241;10647;;10885;1049;5834
MV;Zweitstimme;Summe;1981 – 1990;154418;1117;20068;10547;70565;3684;14906;11398;;22133;1929;14064
MV;Zweitstimme;Summe;1966 – 1980;238785;1044;42203;20226;103790;8828;18457;11835;;32401;2968;23928
MV;Zweitstimme;Summe;1956 – 1965;229751;1452;45845;30054;81308;6828;22653;7953;;33658;2356;27484
MV;Zweitstimme;Summe;1955 und früher;266445;3635;62863;56200;55323;8409;34226;7662;;38128;2079;32275
MV;Zweitstimme;m;Summe;493059;3400;86634;51684;205104;15949;47974;25007;;57307;4815;42898
MV;Zweitstimme;m;2001 – 2007;28483;95;2011;1978;12500;1512;4727;2179;;3480;304;1729
MV;Zweitstimme;m;1991 – 2000;40684;200;3837;2849;14912;1899;7299;4956;;4732;538;2488
MV;Zweitstimme;m;1981 – 1990;76745;544;10070;4242;40052;1833;5875;5833;;8295;1017;5022
MV;Zweitstimme;m;1966 – 1980;121573;522;21620;8882;60658;3929;7389;5782;;12790;1549;9353
MV;Zweitstimme;m;1956 – 1965;111186;622;22388;12482;47415;3201;8974;3142;;12962;700;11013
MV;Zweitstimme;m;1955 und früher;114390;1417;26708;21250;29567;3575;13709;3115;;15049;707;13293
MV;Zweitstimme;w;Summe;535979;4396;95322;75003;152257;16729;75085;29712;;87475;5999;64974
MV;Zweitstimme;w;2001 – 2007;28640;117;1497;1664;7016;355;10848;3046;;4097;129;2559
MV;Zweitstimme;w;1991 – 2000;41833;135;3631;3169;11948;1162;9943;5691;;6153;511;3346
MV;Zweitstimme;w;1981 – 1990;77674;573;9998;6305;30513;1851;9031;5565;;13837;911;9042
MV;Zweitstimme;w;1966 – 1980;117212;522;20584;11344;43131;4899;11068;6053;;19611;1419;14574
MV;Zweitstimme;w;1956 – 1965;118566;831;23457;17571;33893;3627;13679;4810;;20697;1657;16471
MV;Zweitstimme;w;1955 und früher;152055;2218;36155;34950;25756;4834;20517;4547;;23079;1373;18982
SN;Erststimme;Summe;Summe;2584777;22002;612826;247349;986060;69629;326830;129025;;191056;71775;79556
SN;Erststimme;Summe;2001 – 2007;161085;1124;18469;14126;54836;5585;45115;10397;;11433;2907;4472
SN;Erststimme;Summe;1991 – 2000;250623;1711;34230;18333;81707;7691;63162;23149;;20640;6507;6456
SN;Erststimme;Summe;1981 – 1990;425987;3091;81755;31445;170489;10777;55896;35845;;36688;13643;11246
SN;Erststimme;Summe;1966 – 1980;611548;4578;140849;42721;280630;15899;50967;30221;;45683;20123;16811
SN;Erststimme;Summe;1956 – 1965;492812;4025;125853;44598;213205;11683;44424;15619;;33406;13539;15788
SN;Erststimme;Summe;1955 und früher;642723;7473;211670;96125;185192;17994;67266;13795;;43207;15057;24782
SN;Erststimme;m;Summe;1257371;9232;285440;105244;546932;33178;137948;61737;;77659;27350;32952
SN;Erststimme;m;2001 – 2007;78622;803;10230;6307;32716;3087;14970;5184;;5325;1311;1922
SN;Erststimme;m;1991 – 2000;127994;881;18673;8622;47004;4566;27852;10952;;9444;3235;2629
SN;Erststimme;m;1981 – 1990;216311;1213;40795;13630;96891;5283;26128;17209;;15161;5322;4713
SN;Erststimme;m;1966 – 1980;316665;1779;71207;19055;160033;8173;21462;16040;;18915;8157;6869
SN;Erststimme;m;1956 – 1965;237730;1504;58144;18965;116716;5048;19046;6667;;11640;4338;5786
SN;Erststimme;m;1955 und früher;280049;3052;86390;38665;93572;7021;28489;5684;;17174;4987;11033
SN;Erststimme;w;Summe;1327406;12770;327386;142105;439128;36451;188882;67288;;113397;44425;46604
SN;Erststimme;w;2001 – 2007;82463;321;8239;7819;22120;2498;30144;5213;;6108;1596;2551
SN;Erststimme;w;1991 – 2000;122629;831;15557;9711;34703;3126;35310;12197;;11195;3271;3826
SN;Erststimme;w;1981 – 1990;209676;1877;40960;17816;73598;5494;29768;18636;;21527;8322;6533
SN;Erststimme;w;1966 – 1980;294882;2799;69641;23666;120598;7726;29505;14181;;26768;11966;9943
SN;Erststimme;w;1956 – 1965;255081;2521;67708;25634;96489;6634;25377;8952;;21766;9200;10003
SN;Erststimme;w;1955 und früher;362675;4421;125281;57460;91620;10973;38777;8110;;26033;10069;13749
SN;Zweitstimme;Summe;Summe;2584777;15205;507247;217144;958401;83436;290462;167269;;345613;40139;232257
SN;Zweitstimme;Summe;2001 – 2007;161085;821;9819;9184;53129;6575;46594;12966;;21996;1428;11746
SN;Zweitstimme;Summe;1991 – 2000;250623;1092;20899;13217;79879;8773;57342;32670;;36750;3737;18059
SN;Zweitstimme;Summe;1981 – 1990;425987;1606;65426;25978;168556;11900;46920;46816;;58786;7552;31985
SN;Zweitstimme;Summe;1966 – 1980;611548;2993;113576;38395;275167;21247;43735;41694;;74741;10886;49115
SN;Zweitstimme;Summe;1956 – 1965;492812;2719;107517;40858;206082;14128;37932;18142;;65434;7980;49187
SN;Zweitstimme;Summe;1955 und früher;642723;5974;190011;89513;175587;20813;57939;14981;;87905;8555;72164
SN;Zweitstimme;m;Summe;1257371;6509;238447;94223;537433;43480;120001;80485;;136792;14624;92701
SN;Zweitstimme;m;2001 – 2007;78622;581;5670;4222;32372;3667;16014;6399;;9696;677;4766
SN;Zweitstimme;m;1991 – 2000;127994;755;11637;6562;47176;6012;23936;16189;;15726;1754;7042
SN;Zweitstimme;m;1981 – 1990;216311;684;32471;12186;97461;6541;21742;22388;;22838;3062;11995
SN;Zweitstimme;m;1966 – 1980;316665;1416;58432;17711;158487;11368;18109;21839;;29304;4204;19164
SN;Zweitstimme;m;1956 – 1965;237730;847;51177;16913;113401;6926;16585;7853;;24029;2541;19116
SN;Zweitstimme;m;1955 und früher;280049;2226;79061;36629;88536;8966;23616;5817;;35199;2384;30619
SN;Zweitstimme;w;Summe;1327406;8696;268800;122921;420968;39956;170461;86784;;208821;25515;139556
SN;Zweitstimme;w;2001 – 2007;82463;240;4149;4962;20757;2908;30580;6566;;12301;751;6980
SN;Zweitstimme;w;1991 – 2000;122629;338;9262;6655;32703;2760;33406;16481;;21024;1983;11018
SN;Zweitstimme;w;1981 – 1990;209676;921;32955;13792;71095;5358;25178;24427;;35948;4490;19990
SN;Zweitstimme;w;1966 – 1980;294882;1577;55143;20683;116680;9879;25627;19856;;45437;6682;29951
SN;Zweitstimme;w;1956 – 1965;255081;1872;56340;23945;92680;7203;21347;10289;;41405;5438;30071
SN;Zweitstimme;w;1955 und früher;362675;3748;110950;52884;87052;11847;34323;9165;;52706;6171;41545
ST;Erststimme;Summe;Summe;1347837;17293;313319;183951;515634;37603;165818;48599;;65620;42363;
ST;Erststimme;Summe;2001 – 2007;73513;757;7899;9488;29685;2576;16875;3383;;2849;1380;
ST;Erststimme;Summe;1991 – 2000;104028;721;12193;13071;43995;2937;17568;7418;;6125;3567;
ST;Erststimme;Summe;1981 – 1990;208602;2067;38227;18792;100675;5473;20134;10840;;12394;8037;
ST;Erststimme;Summe;1966 – 1980;319413;3178;70375;29262;148543;8599;29124;12718;;17613;11580;
ST;Erststimme;Summe;1956 – 1965;291382;3994;72508;40053;112860;7556;34029;6676;;13704;9294;
ST;Erststimme;Summe;1955 und früher;350900;6576;112117;73284;79875;10462;48087;7564;;12935;8505;
ST;Erststimme;m;Summe;658334;7684;144710;79340;291922;16419;69576;22123;;26561;15902;
ST;Erststimme;m;2001 – 2007;37519;401;5087;4095;17584;1488;5453;1662;;1747;945;
ST;Erststimme;m;1991 – 2000;52472;225;6090;5655;25338;1649;7271;3495;;2749;1465;
ST;Erststimme;m;1981 – 1990;106674;970;18443;8738;55960;2362;9018;5775;;5408;3181;
ST;Erststimme;m;1966 – 1980;165977;1359;34955;13193;87028;4104;11663;5564;;8111;4986;
ST;Erststimme;m;1956 – 1965;142818;1805;34754;17121;63686;2940;14768;2974;;4769;3110;
ST;Erststimme;m;1955 und früher;152874;2924;45381;30537;42326;3875;21402;2652;;3776;2216;
ST;Erststimme;w;Summe;689503;9609;168609;104611;223712;21184;96242;26476;;39059;26461;
ST;Erststimme;w;2001 – 2007;35994;356;2812;5393;12101;1088;11421;1721;;1102;436;
ST;Erststimme;w;1991 – 2000;51556;496;6103;7416;18657;1287;10297;3923;;3377;2102;
ST;Erststimme;w;1981 – 1990;101928;1097;19785;10054;44715;3111;11117;5065;;6986;4857;
ST;Erststimme;w;1966 – 1980;153435;1819;35421;16069;61515;4495;17461;7153;;9502;6594;
ST;Erststimme;w;1956 – 1965;148564;2189;37754;22932;49174;4616;19261;3702;;8935;6183;
ST;Erststimme;w;1955 und früher;198026;3652;66735;42747;37550;6586;26685;4912;;9158;6289;
ST;Zweitstimme;Summe;Summe;1347837;10488;256538;146535;496110;41251;143807;59077;;194031;18449;150411
ST;Zweitstimme;Summe;2001 – 2007;73513;691;4883;4048;28525;2049;19842;4170;;9305;310;5600
ST;Zweitstimme;Summe;1991 – 2000;104028;500;8310;5831;42906;3034;19719;9709;;14018;1515;8286
ST;Zweitstimme;Summe;1981 – 1990;208602;1404;28531;11995;99206;5958;17935;14156;;29417;3898;18822
ST;Zweitstimme;Summe;1966 – 1980;319413;1713;55900;24146;144105;10322;24408;14977;;43843;4359;34052
ST;Zweitstimme;Summe;1956 – 1965;291382;2205;61025;34246;106180;8551;25010;7602;;46563;4338;39224
ST;Zweitstimme;Summe;1955 und früher;350900;3975;97889;66270;75188;11336;36894;8463;;50885;4029;44427
ST;Zweitstimme;m;Summe;658334;4570;119764;64390;285211;20014;58988;27213;;78184;6512;59928
ST;Zweitstimme;m;2001 – 2007;37519;390;3208;2464;17276;1234;6445;2165;;4336;200;2326
ST;Zweitstimme;m;1991 – 2000;52472;171;4362;2536;25051;1832;8347;4507;;5666;595;2952
ST;Zweitstimme;m;1981 – 1990;106674;694;14270;5973;55459;3371;7946;7140;;11822;1429;6864
ST;Zweitstimme;m;1966 – 1980;165977;880;27926;10735;86556;5480;9859;6755;;17786;1836;13246
ST;Zweitstimme;m;1956 – 1965;142818;1018;30102;14845;60883;3813;10815;3496;;17846;1581;15391
ST;Zweitstimme;m;1955 und früher;152874;1417;39895;27837;39985;4285;15577;3150;;20727;871;19148
ST;Zweitstimme;w;Summe;689503;5918;136774;82145;210899;21237;84819;31864;;115847;11937;90483
ST;Zweitstimme;w;2001 – 2007;35994;301;1675;1584;11248;815;13397;2005;;4969;110;3274
ST;Zweitstimme;w;1991 – 2000;51556;329;3948;3295;17855;1203;11372;5202;;8352;920;5333
ST;Zweitstimme;w;1981 – 1990;101928;710;14261;6021;43748;2588;9989;7016;;17595;2470;11957
ST;Zweitstimme;w;1966 – 1980;153435;832;27974;13411;57549;4842;14549;8222;;26057;2523;20807
ST;Zweitstimme;w;1956 – 1965;148564;1187;30924;19401;45297;4739;14194;4106;;28717;2756;23833
ST;Zweitstimme;w;1955 und früher;198026;2558;57994;38432;35203;7051;21317;5313;;30158;3159;25279
TH;Erststimme;Summe;Summe;1333474;10248;272827;131842;512070;28121;209947;36822;;131597;25831;96975
TH;Erststimme;Summe;2001 – 2007;75570;568;7521;5940;28480;1968;22024;2990;;6078;671;5016
TH;Erststimme;Summe;1991 – 2000;100723;686;11668;7296;39459;2488;25308;4674;;9143;1964;6624
TH;Erststimme;Summe;1981 – 1990;197396;693;31569;14438;95041;3819;24601;7176;;20060;5243;13764
TH;Erststimme;Summe;1966 – 1980;332385;3095;62871;23547;156710;7364;36665;9848;;32286;8541;21021
TH;Erststimme;Summe;1956 – 1965;285121;1940;64607;27156;110582;5668;38723;5692;;30753;5423;23131
TH;Erststimme;Summe;1955 und früher;342279;3266;94592;53464;81798;6815;62626;6442;;33276;3990;27420
TH;Erststimme;m;Summe;656340;4332;129555;58363;291579;13112;86629;17593;;55178;10961;40181
TH;Erststimme;m;2001 – 2007;37971;237;3872;2913;18644;1248;7227;1307;;2523;291;2012
TH;Erststimme;m;1991 – 2000;51789;417;6072;3446;22134;1317;11776;2442;;4184;1169;2709
TH;Erststimme;m;1981 – 1990;99494;131;14919;6569;52337;1872;11560;3775;;8331;2234;5509
TH;Erststimme;m;1966 – 1980;172780;1589;31867;10708;93391;3348;14810;4664;;12402;3584;7818
TH;Erststimme;m;1956 – 1965;140950;918;31506;11845;61763;2496;16371;2593;;13458;2301;9979
TH;Erststimme;m;1955 und früher;153356;1038;41319;22881;43310;2830;24885;2812;;14281;1383;12155
TH;Erststimme;w;Summe;677134;5916;143272;73479;220491;15009;123318;19229;;76419;14870;56794
TH;Erststimme;w;2001 – 2007;37599;331;3649;3027;9836;720;14798;1682;;3556;380;3004
TH;Erststimme;w;1991 – 2000;48934;269;5596;3850;17325;1170;13532;2232;;4959;795;3915
TH;Erststimme;w;1981 – 1990;97902;561;16650;7869;42704;1947;13041;3402;;11729;3009;8254
TH;Erststimme;w;1966 – 1980;159605;1505;31004;12839;63318;4016;21855;5183;;19885;4957;13203
TH;Erststimme;w;1956 – 1965;144171;1022;33101;15311;48819;3172;22352;3099;;17296;3122;13152
TH;Erststimme;w;1955 und früher;188923;2228;53272;30583;38488;3985;37741;3630;;18995;2607;15265
TH;Zweitstimme;Summe;Summe;1333474;9314;246065;115915;510527;37292;200688;56097;;157576;20621;124760
TH;Zweitstimme;Summe;2001 – 2007;75570;750;4988;4681;28184;2693;21744;4921;;7609;441;5743
TH;Zweitstimme;Summe;1991 – 2000;100723;565;8344;5547;39772;2860;21110;8695;;13829;1758;9894
TH;Zweitstimme;Summe;1981 – 1990;197396;620;27497;11100;95471;5479;21928;11646;;23655;4660;16191
TH;Zweitstimme;Summe;1966 – 1980;332385;2085;55636;20855;157182;10606;34086;14986;;36949;6093;27577
TH;Zweitstimme;Summe;1956 – 1965;285121;1459;59991;23988;110602;7620;39495;8223;;33742;4182;27911
TH;Zweitstimme;Summe;1955 und früher;342279;3834;89609;49744;79317;8035;62325;7625;;41791;3487;37443
TH;Zweitstimme;m;Summe;656340;4158;116449;52388;292104;19037;80167;26781;;65255;8387;50771
TH;Zweitstimme;m;2001 – 2007;37971;367;2616;2821;18147;1800;6507;2328;;3386;237;2196
TH;Zweitstimme;m;1991 – 2000;51789;356;5019;2349;22476;1344;9535;4400;;6310;939;4166
TH;Zweitstimme;m;1981 – 1990;99494;152;13237;4856;53272;2809;9787;5893;;9486;2181;5848
TH;Zweitstimme;m;1966 – 1980;172780;1256;28558;9185;93726;5279;13786;7073;;13918;2411;10178
TH;Zweitstimme;m;1956 – 1965;140950;729;28576;11095;62287;3820;16606;3751;;14086;1602;11698
TH;Zweitstimme;m;1955 und früher;153356;1298;38443;22082;42196;3984;23948;3337;;18069;1016;16685
TH;Zweitstimme;w;Summe;677134;5156;129616;63527;218423;18255;120521;29316;;92321;12234;73989
TH;Zweitstimme;w;2001 – 2007;37599;383;2373;1860;10037;893;15237;2593;;4224;204;3547
TH;Zweitstimme;w;1991 – 2000;48934;210;3324;3199;17295;1515;11575;4295;;7519;819;5728
TH;Zweitstimme;w;1981 – 1990;97902;468;14260;6243;42199;2670;12141;5754;;14169;2479;10343
TH;Zweitstimme;w;1966 – 1980;159605;830;27078;11670;63456;5328;20300;7913;;23031;3682;17399
TH;Zweitstimme;w;1956 – 1965;144171;729;31416;12893;48315;3800;22890;4472;;19657;2580;16214
TH;Zweitstimme;w;1955 und früher;188923;2537;51166;27662;37121;4050;38378;4288;;23722;2471;20758
