Nr;Gebiet;gehört_zu;Zeilentyp;Direktmandat_Gewinner;Land;Wahlberechtigte_Erststimmen_Endgültig;Wählende_Erststimmen_Endgültig;Ungültige Stimmen_Erststimmen_Endgültig;Ungültige Stimmen_Zweitstimmen_Endgültig;Gültige Stimmen_Erststimmen_Endgültig;Gültige Stimmen_Zweitstimmen_Endgültig;SPD_Erststimmen_Endgültig;SPD_Zweitstimmen_Endgültig;CDU_Erststimmen_Endgültig;CDU_Zweitstimmen_Endgültig;FDP_Erststimmen_Endgültig;FDP_Zweitstimmen_Endgültig;LINKE_Erststimmen_Endgültig;LINKE_Zweitstimmen_Endgültig;GRÜNE_Erststimmen_Endgültig;GRÜNE_Zweitstimmen_Endgültig;CSU_Erststimmen_Endgültig;CSU_Zweitstimmen_Endgültig;Sonstige_Erststimmen_Endgültig;Sonstige_Zweitstimmen_Endgültig;NPD_Erststimmen_Endgültig;NPD_Zweitstimmen_Endgültig;PIRATEN_Erststimmen_Endgültig;PIRATEN_Zweitstimmen_Endgültig
001;Flensburg - Schleswig;01;Wahlkreis;;SH;225216;163329;4117;4181;159212;159148;52139;41793;61793;51068;15292;24187;11918;13481;16399;21967;;;1671;6652;1302;1240;;3385
002;Nordfriesland - Dithmarschen Nord;01;Wahlkreis;;SH;187047;134671;3382;3218;131289;131453;36642;32239;56751;47947;15184;22605;8208;8836;12840;14927;;;1664;4899;1231;1126;;2233
003;Steinburg - Dithmarschen Süd;01;Wahlkreis;;SH;177604;128320;3348;3030;124972;125290;37277;31282;49779;43480;16037;21970;8896;9808;10665;12899;;;2318;5851;1603;1512;;2549
004;Rendsburg-Eckernförde;01;Wahlkreis;;SH;198910;150018;3404;3026;146614;146992;47610;39253;58876;49789;14317;23442;8729;9821;14790;18751;;;2292;5936;1344;1220;;2985
005;Kiel;01;Wahlkreis;;SH;200347;145483;3442;2263;142041;143220;54398;42369;42733;36397;12188;19156;11817;13430;18699;24659;;;2206;7209;1392;1275;;4267
006;Plön - Neumünster;01;Wahlkreis;;SH;175132;127971;3292;3031;124679;124940;41683;35557;48136;40110;12515;19772;7871;8936;12187;15701;;;2287;4864;1363;1315;;2281
007;Pinneberg;01;Wahlkreis;;SH;232899;176188;3384;3193;172804;172995;54950;45540;70458;57203;17018;28640;11794;13412;16143;20978;;;2441;7222;1912;1743;;3659
008;Segeberg - Stormarn-Nord;01;Wahlkreis;;SH;240010;180295;3674;3303;176621;176992;54065;44445;70290;58225;20084;31407;12527;14280;16633;21245;;;3022;7390;1797;1687;;3598
009;Ostholstein;01;Wahlkreis;;SH;179987;131917;4043;3094;127874;128823;43765;36329;49363;42193;14397;22701;8235;9342;10411;13651;;;1703;4607;1270;1192;;2062
010;Herzogtum Lauenburg - Stormarn-Süd;01;Wahlkreis;;SH;237144;181568;3884;3259;177684;178309;53073;45354;70874;59075;19742;30714;12351;13855;18761;22240;;;2883;7071;2330;2126;;3248
011;Lübeck;01;Wahlkreis;;SH;180424;124624;3524;3284;121100;121340;44393;36578;36745;32970;13296;17173;10973;12002;14098;16764;;;1595;5853;1595;1412;;3010
01;Schleswig-Holstein;01;Bundesland;;SH;2234720;1644384;39494;34882;1604890;1609502;519995;430739;615798;518457;170070;261767;113319;127203;161626;203782;;;24082;67554;17139;15848;;33277
012;Wismar - Nordwestmecklenburg - Parchim;13;Wahlkreis;;MV;216789;136923;2448;2114;134475;134809;27590;25047;45383;44340;9969;12865;40419;38466;6520;7139;;;4594;6952;3976;3766;;2745
013;Schwerin - Ludwigslust;13;Wahlkreis;;MV;183166;120292;2032;1728;118260;118564;30247;24464;34633;36653;9401;11405;33681;32623;6353;6833;;;3945;6586;3945;3598;;2579
014;Rostock;13;Wahlkreis;;MV;198527;130659;2157;1911;128502;128748;25389;23223;34517;34759;8517;12234;41539;40045;13727;10772;;;4813;7715;3215;2999;;4215
015;Stralsund - Nordvorpommern - Rügen;13;Wahlkreis;;MV;199517;119369;2063;2269;117306;117100;14040;15048;57865;43650;5668;13087;30935;33522;3735;5349;;;5063;6444;3262;3434;;2564
016;Greifswald - Demmin - Ostvorpommern;13;Wahlkreis;;MV;204944;123824;2460;2324;121364;121500;15995;14941;46147;44679;10414;12686;35385;34198;5736;6241;;;7687;8755;5552;5274;;2968
017;Bad Doberan - Güstrow - Müritz;13;Wahlkreis;;MV;211429;132878;2616;2326;130262;130552;28457;22778;45176;44654;9485;13038;35601;36412;6255;6762;;;5288;6908;4118;3869;;2525
018;Neubrandenburg - Mecklenburg-Strelitz - Uecker-Randow;13;Wahlkreis;;MV;185926;118231;2691;2237;115540;115994;19696;18106;38102;38746;8015;9888;37851;36270;4500;4745;;;7376;8239;5733;5283;;2467
13;Mecklenburg-Vorpommern;13;Bundesland;;MV;1400298;882176;16467;14909;865709;867267;161414;143607;301823;287481;61469;85203;255411;251536;46826;47841;;;38766;51599;29801;28223;;20063
019;Hamburg-Mitte;02;Wahlkreis;;HH;252967;167220;2727;2089;164493;165131;56809;46419;43587;38689;12818;19105;21718;22702;27213;27865;;;2348;10351;2348;1822;;6303
020;Hamburg-Altona;02;Wahlkreis;;HH;173956;130630;1475;1294;129155;129336;46522;32633;38969;33916;10517;17028;12605;15670;17799;24462;;;2743;5627;771;795;;3344
021;Hamburg-Eimsbüttel;02;Wahlkreis;;HH;186357;142023;1891;1298;140132;140725;33364;37722;43714;37695;11732;18851;12540;14732;36518;25819;;;2264;5906;969;799;;3531
022;Hamburg-Nord;02;Wahlkreis;;HH;207016;163012;1821;1357;161191;161655;53469;40909;61873;50174;12766;25269;10805;13429;21268;26306;;;1010;5568;1010;794;;3289
023;Hamburg-Wandsbek;02;Wahlkreis;;HH;217147;150049;2126;1686;147923;148363;51460;42705;53958;44770;11408;20181;14021;16205;13914;17518;;;3162;6984;1972;1674;;3158
024;Hamburg-Bergedorf - Harburg;02;Wahlkreis;;HH;219191;143119;2355;1991;140764;141128;54965;42554;46303;41423;10727;16709;14430;16358;11728;16484;;;2611;7600;2111;1795;;3543
02;Hamburg;02;Bundesland;;HH;1256634;896053;12395;9715;883658;886338;296589;242942;288404;246667;69968;117143;86119;99096;128440;138454;;;14138;42036;9181;7679;;23168
025;Aurich - Emden;03;Wahlkreis;;NI;189804;132885;2439;2121;130446;130764;57876;50682;33706;32155;9314;13619;13213;14978;14451;13641;;;1886;5689;1886;1712;;2015
026;Unterems;03;Wahlkreis;;NI;231076;164653;2392;2136;162261;162517;47481;44913;73405;63545;15470;20731;12062;14219;11981;12222;;;1862;6887;1862;1707;;2899
027;Friesland - Wilhelmshaven;03;Wahlkreis;;NI;190546;132735;2630;1939;130105;130796;51851;40610;42211;38728;12283;19204;12055;13572;9794;12009;;;1911;6673;1911;1570;;2452
028;Oldenburg - Ammerland;03;Wahlkreis;;NI;215591;158347;1891;1490;156456;156857;49020;42551;55610;44090;13840;22917;14080;15244;21651;24171;;;2255;7884;1548;1345;;4000
029;Delmenhorst - Wesermarsch - Oldenburg-Land;03;Wahlkreis;;NI;226440;161584;1970;1821;159614;159763;55374;45895;56273;49810;16163;23109;13751;15906;14446;16731;;;3607;8312;2346;2009;;2879
030;Cuxhaven - Stade II;03;Wahlkreis;;NI;189058;135824;1902;1575;133922;134249;50481;40643;51654;46707;10426;17146;10307;11920;8379;11885;;;2675;5948;1828;1567;;1938
031;Stade I - Rotenburg II;03;Wahlkreis;;NI;192956;142114;1690;1424;140424;140690;46851;37784;62035;51303;9946;20056;9096;10541;9409;14253;;;3087;6753;2349;2061;;2503
032;Mittelems;03;Wahlkreis;;NI;226979;169078;1775;1550;167303;167528;43503;39085;91378;79052;13278;23749;8195;9169;9819;11357;;;1130;5116;1130;1014;;2347
033;Cloppenburg - Vechta;03;Wahlkreis;;NI;212449;148935;1708;1425;147227;147510;28053;24358;91686;80355;12700;23001;6927;7518;6575;7827;;;1286;4451;1286;1132;;1953
034;Diepholz - Nienburg I;03;Wahlkreis;;NI;193411;141838;1646;1315;140192;140523;48313;38955;52599;47565;15928;22067;9775;11701;11917;13999;;;1660;6236;1660;1442;;2435
035;Osterholz - Verden;03;Wahlkreis;;NI;192320;144883;1642;1337;143241;143546;52397;41979;53080;45908;10787;17889;12242;13830;12318;17053;;;2417;6887;2417;1981;;2339
036;Rotenburg I - Soltau-Fallingbostel;03;Wahlkreis;;NI;168573;121941;1702;1326;120239;120615;42395;33279;48344;42324;9895;16930;8366;9759;9101;12155;;;2138;6168;2138;1825;;2252
037;Harburg;03;Wahlkreis;;NI;191159;148918;1976;1552;146942;147366;45002;36139;59657;50104;15812;24967;9611;10825;13772;18002;;;3088;7329;1935;1636;;2963
038;Lüchow-Dannenberg - Lüneburg;03;Wahlkreis;;NI;177098;131466;1695;1366;129771;130100;40411;32321;43229;37291;11242;16323;11935;13166;19645;23543;;;3309;7456;1860;1594;;2795
039;Osnabrück-Land;03;Wahlkreis;;NI;197143;144630;1706;1353;142924;143277;46028;37936;63175;55599;12940;21117;9006;10211;10393;13227;;;1382;5187;1382;1243;;2268
040;Stadt Osnabrück;03;Wahlkreis;;NI;192473;143711;1584;1370;142127;142341;46979;38000;54522;48398;14823;19941;9918;11878;14282;18463;;;1603;5661;945;848;;3168
041;Nienburg II - Schaumburg;03;Wahlkreis;;NI;198376;143398;1706;1376;141692;142022;58649;46797;52714;45750;8712;17698;8797;10847;10217;13815;;;2603;7115;2036;1858;;2454
042;Stadt Hannover I;03;Wahlkreis;;NI;180088;131369;1556;1381;129813;129988;50592;40497;42621;34448;9699;16680;10624;12111;13364;19019;;;2913;7233;1759;1681;;3102
043;Stadt Hannover II;03;Wahlkreis;;NI;190623;140587;1655;1392;138932;139195;55068;41482;44534;33872;8657;16098;12886;14786;15797;24705;;;1990;8252;1573;1411;;4368
044;Hannover-Land I;03;Wahlkreis;;NI;232214;175757;2251;1764;173506;173993;67178;53236;66311;58219;14560;24492;11173;12601;11642;16993;;;2642;8452;2642;2288;;3137
045;Celle - Uelzen;03;Wahlkreis;;NI;217316;157137;1991;1701;155146;155436;50107;42402;68572;55393;11351;22295;10130;11765;10801;14770;;;4185;8811;2501;2291;;2957
046;Gifhorn - Peine;03;Wahlkreis;;NI;216957;161017;2012;1822;159005;159195;64365;52292;58827;53085;10073;17875;11663;13314;9476;14217;;;4601;8412;2029;1882;;3359
047;Hameln-Pyrmont - Holzminden;03;Wahlkreis;;NI;197394;143185;2203;1948;140982;141237;55842;47115;49787;41166;10401;19736;11820;12911;10849;13322;;;2283;6987;2283;1982;;2571
048;Hannover-Land II;03;Wahlkreis;;NI;239450;183314;2258;2005;181056;181309;73215;59493;65573;57144;12982;22004;11976;13908;12533;18936;;;4777;9824;2853;2534;;3528
049;Hildesheim;03;Wahlkreis;;NI;222804;167520;2201;1802;165319;165718;64555;54487;60376;52747;10231;18752;11402;13429;14856;17360;;;3899;8943;2606;2452;;3191
050;Salzgitter - Wolfenbüttel;03;Wahlkreis;;NI;213208;157578;2468;2167;155110;155411;69631;53144;50519;47719;9436;16479;12538;15569;9032;13744;;;3954;8756;2791;2490;;2812
051;Braunschweig;03;Wahlkreis;;NI;189975;139948;1736;1535;138212;138413;53572;39774;47584;40135;7507;15845;10801;13763;12012;19831;;;6736;9065;1310;1324;4214;4962
052;Helmstedt - Wolfsburg;03;Wahlkreis;;NI;187831;135261;2196;1790;133065;133471;46064;42391;52427;45319;8480;14114;10216;11309;10692;11801;;;5186;8537;3023;2606;;2905
053;Goslar - Northeim - Osterode;03;Wahlkreis;;NI;214330;156221;2638;2047;153583;154174;60107;50912;54451;46256;12719;21481;14083;14988;9624;12983;;;2599;7554;2599;2352;;2787
054;Göttingen;03;Wahlkreis;;NI;224468;166515;2227;1908;164288;164607;60483;48788;56503;47343;10765;22086;12493;14635;21360;23708;;;2684;8047;2323;2072;;3707
03;Niedersachsen;03;Bundesland;;NI;6112110;4482349;59446;49738;4422903;4432611;1581443;1297940;1703363;1471530;350420;588401;331141;380373;370188;475742;;;86348;218625;60811;53909;4214;87046
055;Bremen I;04;Wahlkreis;;HB;256131;188189;2557;2099;185632;186090;62588;52387;53255;46284;13587;21021;21226;24883;31564;32556;;;3412;8959;2012;1567;;4564
056;Bremen II - Bremerhaven;04;Wahlkreis;;HB;231847;154838;2691;2317;152147;152521;58879;50032;39186;34680;10850;14947;21647;23486;16985;19727;;;4600;9649;2614;2045;;3610
04;Bremen;04;Bundesland;;HB;487978;343027;5248;4416;337779;338611;121467;102419;92441;80964;24437;35968;42873;48369;48549;52283;;;8012;18608;4626;3612;;8174
057;Prignitz - Ostprignitz-Ruppin - Havelland I;12;Wahlkreis;;BB;171705;108017;3477;3020;104540;104997;33532;29446;22851;24913;8162;9068;32198;30550;4483;4587;;;3314;6433;3314;2494;;1829
058;Uckermark - Barnim I;12;Wahlkreis;;BB;169284;105814;3330;3010;102484;102804;27674;26761;26512;24524;6396;7907;32791;31833;4385;4762;;;4726;7017;3945;3139;;1960
059;Oberhavel - Havelland II;12;Wahlkreis;;BB;249983;171514;4907;4179;166607;167335;48621;42959;46088;41575;12963;19163;40334;38980;12193;12974;;;6408;11684;5400;4153;;3891
060;Märkisch-Oderland - Barnim II;12;Wahlkreis;;BB;255165;173707;4669;4415;169038;169292;38441;36544;39863;36583;11115;15311;62523;56938;8181;10211;;;8915;13705;6069;4365;;4515
061;Brandenburg an der Havel - Potsdam-Mittelmark I - Havelland III - Teltow-Fläming I;12;Wahlkreis;;BB;199083;128273;3598;3708;124675;124565;40957;34451;30733;29834;7328;9992;35484;35643;4771;6047;;;5402;8598;3764;3013;;3093
062;Potsdam - Potsdam-Mittelmark II - Teltow-Fläming II;12;Wahlkreis;;BB;239221;174226;4387;3560;169839;170666;48720;44450;40708;36600;12356;17986;48515;43354;16479;18279;;;3061;9997;3061;2129;;5171
063;Dahme-Spreewald - Teltow-Fläming III - Oberspreewald-Lausitz I;12;Wahlkreis;;BB;246651;170204;5598;4739;164606;165465;53384;42834;40882;39092;11959;16102;43348;44923;9041;9912;;;5992;12602;5992;4711;;4357
064;Frankfurt (Oder) - Oder-Spree;12;Wahlkreis;;BB;208525;139228;4461;3597;134767;135631;38470;32750;30153;30506;10125;12018;43589;42581;7502;7464;;;4928;10312;4928;3788;;3385
065;Cottbus - Spree-Neiße;12;Wahlkreis;;BB;196389;128179;4218;3530;123961;124649;34529;29999;29829;30360;10878;11230;37224;36561;5650;6093;;;5851;10406;4806;3765;;3636
066;Elbe-Elster - Oberspreewald-Lausitz II;12;Wahlkreis;;BB;192709;126140;4692;3992;121448;122148;32688;28022;35073;33467;8487;10865;34324;34203;3861;4238;;;7015;11353;5513;3839;;2995
12;Brandenburg;12;Bundesland;;BB;2128715;1425302;43337;37750;1381965;1387552;397016;348216;342692;327454;99769;129642;410330;395566;76546;84567;;;55612;102107;46792;35396;;34832
067;Altmark;15;Wahlkreis;;ST;182677;112980;2552;2742;110428;110238;22070;19516;34501;33330;6558;9725;36910;37034;3725;5212;;;6664;5421;2461;2318;;2422
068;Börde - Jerichower Land;15;Wahlkreis;;ST;239481;146265;3411;3224;142854;143041;31994;25606;46686;45060;13914;15368;41040;43781;5041;6081;;;4179;7145;3446;3033;;3320
069;Harz;15;Wahlkreis;;ST;236946;144340;3135;2699;141205;141641;28732;24320;46632;44402;10236;13274;43952;45676;7791;7141;;;3862;6828;3862;3277;;2897
070;Magdeburg;15;Wahlkreis;;ST;254287;152948;2932;2582;150016;150366;32844;28217;46481;42150;9890;13801;48069;48333;8637;10281;;;4095;7584;2618;2275;;4605
071;Dessau - Wittenberg;15;Wahlkreis;;ST;197289;122932;2348;2120;120584;120812;22187;19739;43424;38247;8810;12614;36809;37709;5004;6131;;;4350;6372;2928;2627;;3000
072;Anhalt;15;Wahlkreis;;ST;248457;143128;3442;3285;139686;139843;30401;23225;43722;42696;10929;14764;44087;46628;4878;5221;;;5669;7309;3649;3315;;3066
073;Halle;15;Wahlkreis;;ST;223268;139785;2462;2185;137323;137600;22341;21684;42430;37004;11760;15974;46272;43617;11056;11950;;;3464;7371;2483;2234;;4306
074;Burgenland - Saalekreis;15;Wahlkreis;;ST;214081;127503;2535;2474;124968;125029;23592;19513;41281;39777;11224;14153;39610;39876;3950;4740;;;5311;6970;4399;3792;;2541
075;Mansfeld;15;Wahlkreis;;ST;232086;136840;3127;2738;133713;134102;23028;21030;43014;39645;10818;14574;47051;46802;5465;4977;;;4337;7074;4337;3713;;2623
15;Sachsen-Anhalt;15;Bundesland;;ST;2028572;1226721;25944;24049;1200777;1202672;237189;202850;388171;362311;94139;124247;383800;389456;55547;61734;;;41931;62074;30183;26584;;28780
076;Berlin-Mitte;11;Wahlkreis;;BE;197252;133355;2749;2340;130606;131015;33943;27780;28760;24854;8869;13590;24871;25216;28108;28880;;;6055;10695;2110;1530;;5450
077;Berlin-Pankow;11;Wahlkreis;;BE;232250;166099;2836;2350;163263;163749;44769;29850;28374;28163;9604;13626;47070;45099;26674;32401;;;6772;14610;3702;3007;;6767
078;Berlin-Reinickendorf;11;Wahlkreis;;BE;183112;132532;3039;2666;129493;129866;35540;27842;50554;42771;13711;20580;10525;12060;13875;17577;;;5288;9036;2613;2074;;2979
079;Berlin-Spandau - Charlottenburg Nord;11;Wahlkreis;;BE;184436;126799;3098;2821;123701;123978;41051;29109;44994;37170;10612;18277;11446;13611;10853;16451;;;4745;9360;2463;1982;;3173
080;Berlin-Steglitz - Zehlendorf;11;Wahlkreis;;BE;217335;172795;2610;2188;170185;170607;45691;34488;66075;53085;15138;28876;9325;12270;27392;33004;;;6564;8884;1544;1309;;3739
081;Berlin-Charlottenburg - Wilmersdorf;11;Wahlkreis;;BE;195857;150356;2623;1971;147733;148385;47340;31719;44549;39331;16397;24313;9978;12868;26778;32724;;;2691;7430;1187;893;;3564
082;Berlin-Tempelhof - Schöneberg;11;Wahlkreis;;BE;232759;172928;3533;3001;169395;169927;38244;36351;54971;45372;13292;23407;13787;16995;44506;36630;;;4595;11172;2413;1891;;4619
083;Berlin-Neukölln;11;Wahlkreis;;BE;197444;132613;3915;3357;128698;129256;35168;27639;39618;33469;11468;16486;15852;17986;18805;22698;;;7787;10978;3356;2554;;4339
084;Berlin-Friedrichshain - Kreuzberg - Prenzlauer Berg Ost;11;Wahlkreis;;BE;222647;160861;2572;2419;158289;158442;26415;32015;18394;18788;6425;9693;27796;39641;73897;43347;;;5362;14958;1791;1436;;9473
085;Berlin-Treptow - Köpenick;11;Wahlkreis;;BE;200391;142838;2326;2083;140512;140755;25520;27765;29124;25955;6247;11261;62880;47438;10495;15486;;;6246;12850;4092;3688;;4713
086;Berlin-Marzahn - Hellersdorf;11;Wahlkreis;;BE;203416;128897;2496;2224;126401;126673;20336;20906;24563;22875;6969;9741;60236;51662;7242;8847;;;7055;12642;4725;3832;;4274
087;Berlin-Lichtenberg;11;Wahlkreis;;BE;204766;132766;2283;2014;130483;130752;24028;22618;22566;21347;5048;8666;61874;53815;9652;11490;;;7315;12816;4492;3603;;4972
11;Berlin;11;Bundesland;;BE;2471665;1752839;34080;29434;1718759;1723405;418045;348082;452542;393180;123780;198516;355640;348661;298277;299535;;;70475;135431;34488;27799;;58062
088;Aachen;05;Wahlkreis;;NW;176885;130211;1582;1194;128629;129017;38523;28937;50703;41146;11554;19464;9520;10911;17241;20765;;;1088;7794;1088;789;;4837
089;Kreis Aachen;05;Wahlkreis;;NW;228546;160816;2766;2296;158050;158520;54205;45981;63511;53062;13275;23518;13502;14926;11056;12491;;;2501;8542;2501;1767;;2764
090;Heinsberg;05;Wahlkreis;;NW;187605;131761;2409;1923;129352;129838;31111;27877;65143;53888;12342;21315;9859;10638;8933;9307;;;1964;6813;1964;1532;;1976
091;Düren;05;Wahlkreis;;NW;199907;144058;2447;1979;141611;142079;43655;36209;65662;53597;10745;21383;10079;11924;8956;11102;;;2514;7864;2514;2066;;2273
092;Erftkreis I;05;Wahlkreis;;NW;245417;180037;2597;2259;177440;177778;63487;49072;69845;60798;18620;29495;11215;13214;11195;16136;;;3078;9063;2620;1952;;2688
093;Euskirchen - Erftkreis II;05;Wahlkreis;;NW;245382;176069;3421;2576;172648;173493;50035;40709;75290;63653;20620;32011;11679;13139;12239;15126;;;2785;8855;2321;1810;;2523
094;Köln I;05;Wahlkreis;;NW;186798;127011;1718;1178;125293;125833;43837;33774;42094;34195;10902;18981;10614;12092;15557;20019;;;2289;6772;1971;1398;;2522
095;Köln II;05;Wahlkreis;;NW;224430;172562;1350;1006;171212;171556;55471;37665;59710;48545;18455;32663;9550;12138;26614;34040;;;1412;6505;1131;809;;3237
096;Köln III;05;Wahlkreis;;NW;197023;134252;1619;1296;132633;132956;47625;37019;38093;33367;11187;17225;11390;13540;22550;24797;;;1788;7008;1788;1231;;2791
097;Bonn;05;Wahlkreis;;NW;219218;167574;1898;1655;165676;165919;55251;37387;51674;51654;31606;31483;8381;11624;16856;26573;;;1908;7198;1211;1049;;3685
098;Rhein-Sieg-Kreis I;05;Wahlkreis;;NW;231404;167034;2203;1856;164831;165178;42568;37986;73959;58516;18727;31488;10523;11650;15389;17359;;;3665;8179;1765;1462;;2887
099;Rhein-Sieg-Kreis II;05;Wahlkreis;;NW;211859;161746;1994;1715;159752;160031;39489;33235;80363;59487;16012;34858;7430;8800;14046;16898;;;2412;6753;1443;1188;;2445
100;Oberbergischer Kreis;05;Wahlkreis;;NW;211963;150609;2389;2173;148220;148436;41165;35604;71759;56807;12990;25007;9599;11070;10066;12826;;;2641;7122;1734;1317;;2035
101;Rheinisch-Bergischer Kreis;05;Wahlkreis;;NW;215582;166669;1598;1541;165071;165128;43992;38415;82523;58572;14198;31480;8561;10832;13745;18582;;;2052;7247;1643;1227;;2346
102;Leverkusen - Köln IV;05;Wahlkreis;;NW;213303;146460;2044;1605;144416;144855;53517;40982;51242;43188;11332;20670;11723;13715;13386;18064;;;3216;8236;2364;1815;;2578
103;Wuppertal I;05;Wahlkreis;;NW;216614;145089;2101;1915;142988;143174;51180;39244;49021;40972;11852;19458;15003;16743;13308;18285;;;2624;8472;2337;1537;;2880
104;Solingen - Remscheid - Wuppertal II;05;Wahlkreis;;NW;229927;162192;2157;1794;160035;160398;54910;42869;62365;51248;13940;26079;13418;15057;12956;16357;;;2446;8788;2446;1668;;2891
105;Mettmann I;05;Wahlkreis;;NW;204450;150715;1709;1613;149006;149102;50319;36767;66300;52053;11674;27081;8412;10411;10611;15404;;;1690;7386;1690;1218;;2401
106;Mettmann II;05;Wahlkreis;;NW;168402;122690;1541;1261;121149;121429;43173;32740;48276;40999;11332;20574;8418;9839;8447;11350;;;1503;5927;1503;1061;;1955
107;Düsseldorf I;05;Wahlkreis;;NW;218215;159600;1586;1214;158014;158386;45125;35625;68749;52747;16472;31626;10266;11962;15894;19967;;;1508;6459;1304;804;;2554
108;Düsseldorf II;05;Wahlkreis;;NW;195910;134823;1690;1328;133133;133495;44295;34873;50233;40906;10758;20625;12948;13244;13137;16897;;;1762;6950;1560;900;;2499
109;Neuss I;05;Wahlkreis;;NW;213950;149942;1966;1695;147976;148247;43614;36812;70787;55419;12763;25944;8709;9755;9935;12133;;;2168;8184;2168;1543;;2556
110;Mönchengladbach;05;Wahlkreis;;NW;194294;124190;1774;1444;122416;122746;33852;30018;55784;43020;11573;22148;9233;10241;10162;10876;;;1812;6443;1569;1231;;2191
111;Krefeld I - Neuss II;05;Wahlkreis;;NW;204291;149731;1695;1473;148036;148258;43087;35551;62639;53252;18168;28625;8641;10016;12043;13867;;;3458;6947;1358;1012;;2267
112;Viersen;05;Wahlkreis;;NW;227805;164366;1990;1658;162376;162708;41691;36743;79359;61723;15755;30071;11102;11935;12633;14433;;;1836;7803;1836;1428;;2554
113;Kleve;05;Wahlkreis;;NW;226029;158453;2128;1714;156325;156739;46290;36810;76480;66161;14620;25249;8787;9566;10148;12355;;;;6598;;1045;;2277
114;Wesel I;05;Wahlkreis;;NW;207451;151261;1740;1553;149521;149708;57225;48139;57576;49564;10624;19441;11071;12676;9873;12853;;;3152;7035;1569;1323;;2335
115;Krefeld II - Wesel II;05;Wahlkreis;;NW;182878;129601;1681;1412;127920;128189;50636;40990;44906;38812;11098;18168;10123;11438;9462;12727;;;1695;6054;1425;1091;;2078
116;Duisburg I;05;Wahlkreis;;NW;185802;128326;1837;1634;126489;126692;53363;45956;40001;33638;7501;12709;13237;14678;9791;12118;;;2596;7593;2191;1529;;2305
117;Duisburg II;05;Wahlkreis;;NW;159541;95554;1709;1467;93845;94087;44436;38305;24779;21808;5189;7872;10519;12940;5430;6582;;;3492;6580;2953;1960;;1503
118;Oberhausen - Wesel III;05;Wahlkreis;;NW;212283;148108;1982;1803;146126;146305;65189;57689;40001;35712;9231;15049;14008;16311;14772;13352;;;2925;8192;2643;2011;;2325
119;Mülheim - Essen I;05;Wahlkreis;;NW;194638;140658;1722;1407;138936;139251;57547;49498;44653;37762;11852;18416;12143;13226;10801;13253;;;1940;7096;1940;1458;;2054
120;Essen II;05;Wahlkreis;;NW;171457;107997;1581;1308;106416;106689;49023;41637;28968;25067;6967;10947;11065;12431;7352;9495;;;3041;7112;2218;1619;;1852
121;Essen III;05;Wahlkreis;;NW;197729;149281;1591;1198;147690;148083;57055;45888;53269;44455;11035;20829;10240;12239;13969;17807;;;2122;6865;1614;1227;;2341
122;Recklinghausen I;05;Wahlkreis;;NW;174767;124037;1847;1379;122190;122658;52627;43571;37504;34732;9090;13462;12781;14202;7846;9984;;;2342;6707;2078;1470;;2162
123;Recklinghausen II;05;Wahlkreis;;NW;194999;140361;1810;1428;138551;138933;58984;51110;44021;40418;10678;15219;13805;14614;8603;10299;;;2460;7273;2269;1554;;2285
124;Gelsenkirchen;05;Wahlkreis;;NW;187486;121673;2652;1472;119021;120201;64623;50435;31011;27930;8344;10846;;14497;9013;8327;;;6030;8166;4199;2018;;2148
125;Steinfurt I - Borken I;05;Wahlkreis;;NW;200304;143677;1979;1411;141698;142266;42736;34893;63123;59231;17533;22277;8306;9197;8774;10999;;;1226;5669;1226;993;;2249
126;Bottrop - Recklinghausen III;05;Wahlkreis;;NW;208655;148523;1804;1596;146719;146927;62810;54532;48290;42153;9710;16171;13765;15624;8372;10267;;;3772;8180;2391;1738;;2261
127;Borken II;05;Wahlkreis;;NW;196659;147728;1494;1231;146234;146497;37324;32344;79254;67056;12521;24230;6385;7222;9706;10793;;;1044;4852;1044;805;;1823
128;Coesfeld - Steinfurt II;05;Wahlkreis;;NW;189353;146369;1372;1100;144997;145269;37851;31790;73636;61901;14229;24041;7634;8504;10674;13607;;;973;5426;973;752;;2008
129;Steinfurt III;05;Wahlkreis;;NW;192966;143782;1842;1371;141940;142411;58679;43523;61444;51067;11613;20001;9075;9250;;13366;;;1129;5204;1129;929;;2047
130;Münster;05;Wahlkreis;;NW;210934;163921;1362;1190;162559;162731;53029;38604;63819;54902;16131;23951;7805;10970;20822;27985;;;953;6319;718;574;;3489
131;Warendorf;05;Wahlkreis;;NW;211287;156217;2696;1809;153521;154408;49996;37608;75187;62706;16333;23668;12005;9824;;14609;;;;5993;;977;;2308
132;Gütersloh;05;Wahlkreis;;NW;232944;168245;2536;1925;165709;166320;53509;42512;74149;64808;15138;24698;9909;10855;11924;16035;;;1080;7412;;1202;;2639
133;Bielefeld;05;Wahlkreis;;NW;247085;180441;2348;2091;178093;178350;61405;53583;64621;54277;10852;19883;14056;17126;24981;25057;;;2178;8424;1784;1453;;3497
134;Herford - Minden-Lübbecke II;05;Wahlkreis;;NW;233781;165115;2497;2079;162618;163036;62644;53661;61244;53025;15549;22018;12090;12887;11091;14121;;;;7324;;1362;;2373
135;Minden-Lübbecke I;05;Wahlkreis;;NW;209155;147381;1996;1756;145385;145625;57561;47299;61751;51869;9628;18097;8809;10401;7636;11482;;;;6477;;917;;2284
136;Lippe I;05;Wahlkreis;;NW;174517;127817;1880;1522;125937;126295;50688;43628;46447;40545;11879;16627;8492;9059;8431;10270;;;;6166;;1039;;2283
137;Höxter - Lippe II;05;Wahlkreis;;NW;216917;158321;2673;2368;155648;155953;49149;45184;71813;58814;12086;23125;9100;10266;9957;11708;;;3543;6856;1502;1151;;2474
138;Paderborn;05;Wahlkreis;;NW;243442;172558;2208;2107;170350;170451;43120;34925;88754;73354;15282;28805;9436;10380;12001;14619;;;1757;8368;1757;1340;;3478
139;Hagen - Ennepe-Ruhr-Kreis I;05;Wahlkreis;;NW;217768;150712;1885;1650;148827;149062;63980;49061;49893;45225;11251;18246;12188;14448;8836;13557;;;2679;8525;2679;1774;;2407
140;Ennepe-Ruhr-Kreis II;05;Wahlkreis;;NW;183435;135860;1727;1430;134133;134430;54845;46848;40763;35927;13392;16778;11180;12596;11621;15248;;;2332;7033;1762;1382;;2180
141;Bochum I;05;Wahlkreis;;NW;214358;153800;1853;1579;151947;152221;65810;55224;47030;37763;8578;16390;14741;16442;12775;18094;;;3013;8308;2268;1796;;2943
142;Herne - Bochum II;05;Wahlkreis;;NW;188777;128511;3036;1948;125475;126563;64331;50922;33693;28681;8545;11591;;16261;12393;11074;;;6513;8034;2570;1563;;2074
143;Dortmund I;05;Wahlkreis;;NW;214213;149331;1556;1258;147775;148073;60839;48882;40623;36237;12890;17813;14273;16272;16141;20133;;;3009;8736;2281;1469;;3311
144;Dortmund II;05;Wahlkreis;;NW;208840;141167;1605;1412;139562;139755;59141;49813;40622;34006;9387;15993;14819;16104;12292;15553;;;3301;8286;2379;1654;;2383
145;Unna I;05;Wahlkreis;;NW;202933;148909;1757;1552;147152;147357;62638;55439;47702;38646;9418;17773;12451;13842;12737;13756;;;2206;7901;2206;1665;;2439
146;Hamm - Unna II;05;Wahlkreis;;NW;239907;167422;2324;1932;165098;165490;72446;55249;54088;52623;14952;19998;11638;15917;8993;12798;;;2981;8905;2981;2113;;2889
147;Soest;05;Wahlkreis;;NW;232781;165293;2204;1921;163089;163372;47583;41522;74725;59805;15625;27675;11432;12460;11924;14081;;;1800;7829;1800;1324;;2612
148;Hochsauerlandkreis;05;Wahlkreis;;NW;209440;152242;1927;1702;150315;150540;40010;36741;77687;63133;13753;24530;9362;10064;7966;9460;;;1537;6612;1537;1223;;2008
149;Siegen-Wittgenstein;05;Wahlkreis;;NW;218411;156878;2271;1682;154607;155196;60500;44822;64217;53999;15482;23059;12009;12362;;13385;;;2399;7569;2399;1910;;2044
150;Olpe - Märkischer Kreis I;05;Wahlkreis;;NW;214196;151127;1941;1733;149186;149394;42273;36470;70705;59358;15568;25021;10100;10797;8476;10379;;;2064;7369;2064;1564;;1901
151;Märkischer Kreis II;05;Wahlkreis;;NW;210993;146986;1788;1661;145198;145325;59521;41755;52751;51494;11740;20616;10431;12450;6207;10589;;;4548;8421;2331;1902;;2181
05;Nordrhein-Westfalen;05;Bundesland;;NW;13288291;9493850;127085;104438;9366765;9389412;3286593;2678956;3706284;3111478;832146;1394554;669045;789814;728745;945831;;;143952;468779;112709;88690;;158585
152;Nordsachsen;14;Wahlkreis;;SN;178447;109628;1785;1672;107843;107956;15860;16927;44147;38440;10611;13747;27760;27765;4357;4783;;;5108;6294;5108;5069;;
153;Leipzig I;14;Wahlkreis;;SN;202455;129834;1719;1523;128115;128311;24866;23070;42704;38471;11781;16478;34015;32762;8856;11474;;;5893;6056;4202;4225;;
154;Leipzig II;14;Wahlkreis;;SN;212804;144581;1904;1786;142677;142795;32841;26133;41101;37304;10505;16983;36117;36431;17345;20998;;;4768;4946;3094;3119;;
155;Leipzig-Land;14;Wahlkreis;;SN;231084;148389;2283;2081;146106;146308;23471;23354;60969;53735;14799;19240;33044;34826;6745;7533;;;7078;7620;5988;5751;;
156;Meißen;14;Wahlkreis;;SN;216629;140109;2289;2288;137820;137821;17236;17987;62290;51703;12403;20052;29423;31286;8315;7979;;;8153;8814;7050;6875;;
157;Bautzen I;14;Wahlkreis;;SN;237786;154966;2907;2573;152059;152393;16870;18906;64325;59103;17755;20969;38241;37144;6505;6431;;;8363;9840;8363;7597;;
158;Görlitz;14;Wahlkreis;;SN;238958;149737;2750;2590;146987;147147;17005;18569;62338;55015;13935;19223;35786;36231;7381;7004;;;10542;11105;7842;8035;;
159;Sächsische Schweiz - Osterzgebirge;14;Wahlkreis;;SN;215674;141214;2454;2254;138760;138960;16194;16725;62530;56001;15292;19910;28233;28970;6378;7346;;;10133;10008;7983;7717;;
160;Dresden I;14;Wahlkreis;;SN;230676;157220;2007;1773;155213;155447;25959;24373;56749;53247;14818;20574;37180;34171;13668;16961;;;6839;6121;3851;3980;;
161;Dresden II - Bautzen II;14;Wahlkreis;;SN;231247;154609;2328;2012;152281;152597;22268;21518;55401;51621;18204;21783;29679;30870;18871;19978;;;7858;6827;4389;4501;;
162;Mittelsachsen;14;Wahlkreis;;SN;223149;143690;2294;2123;141396;141567;20800;18677;61579;54525;14032;19726;32744;34630;5921;6208;;;6320;7801;6320;6200;;
163;Chemnitz;14;Wahlkreis;;SN;205652;136100;1716;1603;134384;134497;27060;22991;45876;41081;12106;17147;37433;38448;8109;9524;;;3800;5306;3800;3651;;
164;Chemnitzer Umland - Erzgebirgskreis II;14;Wahlkreis;;SN;202743;133277;2151;1955;131126;131322;19247;19114;54065;49258;14092;16968;33133;33488;5360;5946;;;5229;6548;5229;4975;;
165;Erzgebirgskreis I;14;Wahlkreis;;SN;247624;159655;2884;2857;156771;156798;17168;18846;63211;60413;23820;22051;37166;39545;5896;5919;;;9510;10024;7930;7876;;
166;Zwickau;14;Wahlkreis;;SN;229535;145614;2383;2228;143231;143386;20864;21336;55605;51459;13097;17402;40265;39659;6491;6418;;;6909;7112;5394;5268;;
167;Vogtlandkreis;14;Wahlkreis;;SN;213732;137330;2421;2276;134909;135054;21393;20227;55128;49522;12755;16882;33586;35235;5849;6781;;;6198;6407;4908;4772;;
14;Sachsen;14;Bundesland;;SN;3518195;2285953;36275;33594;2249678;2252359;339102;328753;888018;800898;230005;299135;543805;551461;136047;151283;;;112701;120829;91451;89611;;
168;Waldeck;06;Wahlkreis;;HE;192360;140808;3801;3513;137007;137295;51737;45343;48414;41109;13180;20210;10400;11657;11209;13498;;;2067;5478;1756;1393;;2175
169;Kassel;06;Wahlkreis;;HE;222636;161033;4254;3903;156779;157130;59621;49114;47643;40134;12188;19820;15453;17656;19246;23320;;;2628;7086;1594;1275;;3523
170;Werra-Meißner - Hersfeld-Rotenburg;06;Wahlkreis;;HE;184337;135727;3713;3630;132014;132097;53275;45401;45711;39966;12290;17526;11080;12927;7530;10679;;;2128;5598;2128;1939;;1948
171;Schwalm-Eder;06;Wahlkreis;;HE;194732;144490;4391;4275;140099;140215;56519;47585;47053;40592;13487;19854;11395;12958;9370;12935;;;2275;6291;2275;1813;;2382
172;Marburg;06;Wahlkreis;;HE;185071;135293;2382;2195;132911;133098;51712;38139;47322;41356;10964;17410;10857;13181;10366;16884;;;1690;6128;1690;1290;;2625
173;Lahn-Dill;06;Wahlkreis;;HE;212611;147952;3104;2730;144848;145222;47897;40485;60214;50391;12968;21137;9815;12133;11032;13382;;;2922;7694;2922;2236;;2972
174;Gießen;06;Wahlkreis;;HE;228413;165668;3848;3584;161820;162084;55331;44222;59441;50276;17928;25687;11399;14605;14140;18853;;;3581;8441;2328;1853;;3962
175;Fulda;06;Wahlkreis;;HE;239786;177038;4081;3660;172957;173378;41388;34783;86084;70740;17415;30594;11923;13377;12556;14727;;;3591;9157;3591;2722;;3034
176;Hochtaunus;06;Wahlkreis;;HE;182246;141075;2300;2217;138775;138858;35257;29758;62748;49902;16255;27979;7522;9229;12976;15877;;;4017;6113;1081;1055;;2552
177;Wetterau;06;Wahlkreis;;HE;246697;183820;4122;4002;179698;179818;59420;45085;73702;60038;16284;31612;11116;13681;12425;19242;;;6751;10160;3792;3426;;3623
178;Rheingau-Taunus - Limburg;06;Wahlkreis;;HE;221226;166456;3400;2837;163056;163619;45127;36352;75224;60875;17463;30530;9066;10853;13141;17210;;;3035;7799;1432;1490;;3199
179;Wiesbaden;06;Wahlkreis;;HE;187479;133425;2374;2221;131051;131204;42751;30892;53416;40831;12350;23194;9016;11333;10970;18560;;;2548;6394;1516;1070;;2839
180;Hanau;06;Wahlkreis;;HE;241923;178604;4067;4045;174537;174559;59413;42154;68704;56834;15523;30368;11985;15139;11572;19324;;;7340;10740;2289;2317;;3763
181;Main-Taunus;06;Wahlkreis;;HE;195505;155748;2821;2322;152927;153426;36629;29515;72680;56989;18588;33225;7718;8699;15618;18258;;;1694;6740;1694;1140;;3157
182;Frankfurt am Main I;06;Wahlkreis;;HE;190058;132429;2217;2091;130212;130338;39147;29107;45866;36031;12876;22761;12031;14551;15701;20645;;;4591;7243;1327;1266;;3355
183;Frankfurt am Main II;06;Wahlkreis;;HE;212140;156548;2671;2150;153877;154398;45074;33243;55027;43089;14336;27031;11998;15397;23403;28225;;;4039;7413;1546;1183;;3722
184;Groß-Gerau;06;Wahlkreis;;HE;172278;128119;3099;2765;125020;125354;44973;35058;45410;37526;10177;18630;9449;11103;12072;15677;;;2939;7360;2457;1680;;2772
185;Offenbach;06;Wahlkreis;;HE;221180;158857;3969;4213;154888;154644;44542;34376;62281;49267;15843;28409;11594;13813;15243;19863;;;5385;8916;2434;1766;;3835
186;Darmstadt;06;Wahlkreis;;HE;233622;176435;3467;3050;172968;173385;60581;43605;60536;49924;13553;26539;11213;14869;20963;29727;;;6122;8721;1860;1501;3866;4390
187;Odenwald;06;Wahlkreis;;HE;234911;176808;5386;4959;171422;171849;50797;42756;69191;56677;18409;29697;11574;13403;16215;19379;;;5236;9937;2183;1907;;4098
188;Bergstraße;06;Wahlkreis;;HE;199708;148308;3135;2708;145173;145600;44903;35748;64472;50275;12966;25219;9171;10891;11296;15683;;;2365;7784;2365;1607;;2782
06;Hessen;06;Bundesland;;HE;4398919;3244641;72602;67070;3172039;3177571;1026094;812721;1251139;1022822;305043;527432;225775;271455;287044;381948;;;76944;161193;44260;35929;3866;66708
189;Eichsfeld - Nordhausen - Unstrut-Hainich-Kreis I;16;Wahlkreis;;TH;204717;136404;1658;1545;134746;134859;22854;22341;57882;51863;9942;14382;33005;32391;5540;6507;;;5523;7375;3798;3631;;2309
190;Eisenach - Wartburgkreis - Unstrut-Hainich-Kreis II;16;Wahlkreis;;TH;201700;131047;1984;1912;129063;129135;29106;23845;44903;42063;8211;11921;35666;36508;4921;6451;;;6256;8347;4864;4607;;2516
191;Kyffhäuserkreis - Sömmerda - Weimarer Land I;16;Wahlkreis;;TH;200901;127925;1860;1842;126065;126083;22819;21692;42674;39696;9800;12661;39568;37923;5754;6064;;;5450;8047;4855;4383;;2581
192;Gotha - Ilm-Kreis;16;Wahlkreis;;TH;214510;139919;2112;1971;137807;137948;37032;27092;40063;42479;10056;12393;35942;38257;7391;7608;;;7323;10119;5475;4924;;3992
193;Erfurt - Weimar - Weimarer Land II;16;Wahlkreis;;TH;225708;151236;1962;1638;149274;149598;33488;26897;45931;41777;8897;13429;43050;41801;12137;15630;;;5771;10064;4151;3762;;4958
194;Gera - Jena - Saale-Holzland-Kreis;16;Wahlkreis;;TH;245228;164803;2274;1893;162529;162910;34658;28034;46590;44951;15695;16832;49344;48724;11471;13243;;;4771;11126;4771;4209;;5519
195;Greiz - Altenburger Land;16;Wahlkreis;;TH;182336;116989;1952;1743;115037;115246;20224;19006;42988;37841;9237;12557;33672;33017;4196;4919;;;4720;7906;4720;4168;;2707
196;Sonneberg - Saalfeld-Rudolstadt - Saale-Orla-Kreis;16;Wahlkreis;;TH;231447;148939;2261;1845;146678;147094;27824;25004;46726;44770;12534;14342;45820;45439;5684;6654;;;8090;10885;6574;5978;;3340
197;Suhl - Schmalkalden-Meiningen - Hildburghausen;16;Wahlkreis;;TH;207012;130502;1857;1606;128645;128896;27055;22682;39600;38338;10313;12118;41361;40815;5936;6762;;;4380;8181;4380;3941;;3109
16;Thüringen;16;Bundesland;;TH;1913559;1247764;17920;15995;1229844;1231769;255060;216593;407357;383778;94685;120635;357428;354875;63030;73838;;;52284;82050;43588;39603;;31031
198;Neuwied;07;Wahlkreis;;RP;242568;172799;3873;2735;168926;170064;61544;42279;66214;61307;17881;28754;11331;15360;9518;14005;;;2438;8359;2438;1820;;2758
199;Ahrweiler;07;Wahlkreis;;RP;195658;139346;2813;2187;136533;137159;33987;28973;62145;54737;20470;25933;8310;10171;10094;11622;;;1527;5723;1527;1192;;2204
200;Koblenz;07;Wahlkreis;;RP;196560;138790;3133;2553;135657;136237;38080;32414;59853;49065;13084;23679;9935;11239;13222;13732;;;1483;6108;1483;1188;;2690
201;Mosel/Rhein-Hunsrück;07;Wahlkreis;;RP;179373;130191;4233;2635;125958;127556;29859;26447;60105;50302;15714;24248;9035;10568;9724;10265;;;1521;5726;1521;1137;;2023
202;Kreuznach;07;Wahlkreis;;RP;190569;133191;3062;2458;130129;130733;37332;34984;61167;43300;8684;21190;11579;14197;8768;11065;;;2599;5997;1798;1560;;2030
203;Bitburg;07;Wahlkreis;;RP;168357;120001;3429;2390;116572;117611;28042;22419;53705;48270;16213;22500;8043;9642;9274;9922;;;1295;4858;1295;1021;;1717
204;Trier;07;Wahlkreis;;RP;191691;138338;3552;2328;134786;136010;34948;30348;61594;50210;11237;20354;11583;13070;14109;16456;;;1315;5572;1315;1092;;2483
205;Montabaur;07;Wahlkreis;;RP;213225;154343;3255;2698;151088;151645;44416;36122;65215;53078;16541;28104;11884;13186;10685;13047;;;2347;8108;2347;1895;;2948
206;Mainz;07;Wahlkreis;;RP;251837;191097;3627;2619;187470;188478;57338;43303;68081;61777;22054;29045;10737;13922;23696;29745;;;5564;10686;2043;1153;;4553
207;Worms;07;Wahlkreis;;RP;202156;147381;3191;2788;144190;144593;54255;39125;51892;46831;14051;22748;10218;12098;10515;14609;;;3259;9182;3259;2284;;2909
208;Ludwigshafen/Frankenthal;07;Wahlkreis;;RP;217445;153455;3013;2744;150442;150711;48713;40325;57736;48785;12878;22392;13002;15457;9277;12919;;;8836;10833;1807;1798;3188;3079
209;Neustadt - Speyer;07;Wahlkreis;;RP;220974;164052;3870;2884;160182;161168;40404;36117;71481;57953;14870;26988;12546;13486;13748;16485;;;7133;10139;2710;1935;;3030
210;Kaiserslautern;07;Wahlkreis;;RP;235030;163350;4062;3166;159288;160184;55070;44362;52311;45212;14725;22932;22205;22670;10834;13936;;;4143;11072;4143;3197;;3421
211;Pirmasens;07;Wahlkreis;;RP;184220;131065;4156;3205;126909;127860;34342;28982;50035;44143;14105;19605;15989;16977;8840;8528;;;3598;9625;3598;2533;;2561
212;Südpfalz;07;Wahlkreis;;RP;214215;156149;3719;3029;152430;153120;42287;34790;61994;52517;19431;26201;10926;13137;12637;15635;;;5155;10840;3230;2272;;3322
07;Rheinland-Pfalz;07;Bundesland;;RP;3103878;2233548;52988;40419;2180560;2193129;640617;520990;903528;767487;231938;364673;177323;205180;174941;211971;;;52213;122828;34514;26077;3188;41728
213;Altötting;09;Wahlkreis;;BY;166775;112507;1738;1221;110769;111286;16724;14831;;;9508;13992;5362;5641;8477;8923;67284;57712;3414;10187;2045;1347;;1896
214;Erding - Ebersberg;09;Wahlkreis;;BY;185961;140360;2228;1157;138132;139203;24402;19106;;;16433;22094;6073;6265;17573;17458;67518;61088;6133;13192;1837;1018;;2562
215;Freising;09;Wahlkreis;;BY;205531;149717;2123;1198;147594;148519;20791;19915;;;19711;21848;8247;8120;25408;18400;69229;66336;4208;13900;2558;1808;;3583
216;Fürstenfeldbruck;09;Wahlkreis;;BY;249131;190298;2171;1570;188127;188728;35851;29734;;;20997;30319;7311;8969;20344;23583;91947;80517;11677;15606;2053;1536;;3649
217;Ingolstadt;09;Wahlkreis;;BY;252615;176318;2441;1617;173877;174701;26825;26877;;;14151;21566;10936;10717;14174;14283;99482;86686;8309;14572;3308;2588;;3448
218;München-Nord;09;Wahlkreis;;BY;220785;158045;1459;1123;156586;156922;55691;31067;;;15766;28189;7773;10705;15307;27405;57161;48622;4888;10934;1531;1117;;4164
219;München-Ost;09;Wahlkreis;;BY;231017;170334;1469;1028;168865;169306;44917;32109;;;24022;31531;9109;10996;21722;27466;61412;55854;7683;11350;1286;1038;;3715
220;München-Süd;09;Wahlkreis;;BY;211617;155666;1546;1000;154120;154666;43835;30403;;;17033;25600;8266;10603;20507;26219;58849;51064;5630;10777;1289;1073;;3624
221;München-West/Mitte;09;Wahlkreis;;BY;231682;173138;1561;1086;171577;172052;47101;32308;;;20442;29355;9665;11587;24967;33340;63075;53814;6327;11648;1413;1029;;4045
222;München-Land;09;Wahlkreis;;BY;233952;185115;1716;1110;183399;184005;35805;30776;;;24634;36208;6914;8318;24386;23433;83856;73273;7804;11997;1480;1099;;3358
223;Rosenheim;09;Wahlkreis;;BY;226483;161912;2087;1544;159825;160368;23041;20380;;;14745;23226;5967;7074;19499;18258;82305;74860;14268;16570;1172;1186;;2503
224;Starnberg;09;Wahlkreis;;BY;251039;190092;2523;1494;187569;188598;29651;24158;;;27350;36046;7215;7705;19809;23110;101261;83545;2283;14034;2283;1455;;2724
225;Traunstein;09;Wahlkreis;;BY;205115;142584;1966;1402;140618;141182;21406;17747;;;10142;18243;6156;7122;16188;16341;76741;68886;9985;12843;2063;1641;;1868
226;Weilheim;09;Wahlkreis;;BY;249153;183832;2439;1704;181393;182128;25894;23512;;;19076;28911;7568;8897;21516;20871;94302;83058;13037;16879;1883;1501;;3098
227;Deggendorf;09;Wahlkreis;;BY;154767;94922;1524;1049;93398;93873;15336;13611;;;11065;13485;6851;7536;6717;6189;49398;43628;4031;9424;3039;2190;;1160
228;Landshut;09;Wahlkreis;;BY;246833;171065;2818;1584;168247;169481;25337;23634;;;22940;24031;9362;9554;17133;15002;84953;82466;8522;14794;3295;2373;;2843
229;Passau;09;Wahlkreis;;BY;186068;118249;1536;1124;116713;117125;16573;17773;;;22069;18202;9217;9198;8767;9054;54275;52476;5812;10422;2600;2077;;1618
230;Rottal-Inn;09;Wahlkreis;;BY;162109;104487;2052;1227;102435;103260;17920;14151;;;10305;14359;4868;5742;5828;6786;54904;51702;8610;10520;1743;1761;;1392
231;Straubing;09;Wahlkreis;;BY;173068;112708;1621;1345;111087;111363;24922;15817;;;8650;15232;5410;7257;4372;5925;61572;55844;6161;11288;2519;2085;;1526
232;Amberg;09;Wahlkreis;;BY;214616;153659;3314;1680;150345;151979;30587;25606;;;18922;19418;10544;10629;13833;12807;71148;68586;5311;14933;3818;2839;;3686
233;Regensburg;09;Wahlkreis;;BY;243083;171002;1933;1455;169069;169547;35207;29375;;;21618;22998;10514;11453;14784;18343;75653;72120;11293;15258;2753;2297;2903;3566
234;Schwandorf;09;Wahlkreis;;BY;216044;143939;2151;1957;141788;141982;34321;24828;;;11058;16553;9396;11310;6423;8580;72791;66951;7799;13760;3463;3020;;2269
235;Weiden;09;Wahlkreis;;BY;172011;124026;1859;2270;122167;121756;24261;24467;;;8664;14272;6567;9093;6031;8060;54891;54009;21753;11855;2994;3071;;2207
236;Bamberg;09;Wahlkreis;;BY;177197;129049;1563;1170;127486;127879;26044;19553;;;13590;17523;7601;8316;11726;13512;62548;57433;5977;11542;1899;1759;;3041
237;Bayreuth;09;Wahlkreis;;BY;164344;117290;1654;974;115636;116316;23920;22018;;;9898;16066;6318;6865;13096;10937;58848;51124;3556;9306;1701;1593;;2401
238;Coburg;09;Wahlkreis;;BY;162834;115851;1784;1272;114067;114579;28882;26869;;;8805;13398;7475;8116;9380;8707;55174;49248;4351;8241;2775;2384;;2093
239;Hof;09;Wahlkreis;;BY;180735;126096;2057;1735;124039;124361;33763;29265;;;9604;14036;9994;10550;9302;8678;57632;51661;3744;10171;3094;2458;;2248
240;Kulmbach;09;Wahlkreis;;BY;173473;128501;1198;1384;127303;127117;18717;21863;;;4885;14520;6624;8038;5985;8731;86658;62880;4434;11085;3027;2682;;2332
241;Ansbach;09;Wahlkreis;;BY;243953;171989;2553;2119;169436;169870;37133;32847;;;17346;23222;9231;12176;14054;17294;80239;68128;11433;16203;3835;3023;3248;3512
242;Erlangen;09;Wahlkreis;;BY;177261;135845;1335;1091;134510;134754;32269;28248;;;12736;20048;8275;8821;15036;18043;60685;48552;5509;11042;1596;1362;;4096
243;Fürth;09;Wahlkreis;;BY;249703;179941;2512;2030;177429;177911;44505;37820;;;15361;24978;13798;14667;17109;20314;76897;63392;9759;16740;3551;2714;4166;5035
244;Nürnberg-Nord;09;Wahlkreis;;BY;189738;135154;1572;1190;133582;133964;41246;29751;;;10652;18528;10923;12554;15043;20934;48943;40094;6775;12103;2320;1835;4268;4940
245;Nürnberg-Süd;09;Wahlkreis;;BY;184672;124786;1689;1371;123097;123415;37159;30766;;;10498;14592;10794;11698;10048;12210;47519;42645;7079;11504;3136;2548;2653;3220
246;Roth;09;Wahlkreis;;BY;224946;171076;2256;1692;168820;169384;40464;36327;;;18809;23177;9610;11262;16521;19517;75280;64763;8136;14338;3289;2487;3205;3690
247;Aschaffenburg;09;Wahlkreis;;BY;183872;135005;2840;2297;132165;132708;25143;23235;;;15185;20868;8072;8828;22717;15071;56491;53201;4557;11505;2716;1750;;2828
248;Bad Kissingen;09;Wahlkreis;;BY;219607;162052;2659;1900;159393;160152;28487;23712;;;13592;22188;13000;13717;14723;12475;85574;75708;4017;12352;3305;2504;;2807
249;Main-Spessart;09;Wahlkreis;;BY;199081;147482;3186;2289;144296;145193;28659;25872;;;12858;20360;8817;9346;13649;14285;75542;63513;4771;11817;1620;1575;;2888
250;Schweinfurt;09;Wahlkreis;;BY;200116;146050;3121;1867;142929;144183;27794;24747;;;13713;18742;14803;13317;14598;13182;66253;62265;5768;11930;3029;1829;;3076
251;Würzburg;09;Wahlkreis;;BY;225807;170031;2185;1569;167846;168462;39055;31440;;;17030;23203;9334;10582;21914;24341;73800;65294;6713;13602;2312;1287;3659;4262
252;Augsburg-Stadt;09;Wahlkreis;;BY;206196;135957;1789;1748;134168;134209;26268;24981;;;14638;17645;9318;10552;19708;16898;56644;51728;7592;12405;2038;1602;;4166
253;Augsburg-Land;09;Wahlkreis;;BY;240672;177024;2484;1754;174540;175270;27427;25356;;;20137;27522;8264;9425;15031;16430;92508;80335;11173;16202;2834;2168;;3399
254;Donau-Ries;09;Wahlkreis;;BY;189097;133619;2191;1497;131428;132122;20901;18290;;;15337;19314;8025;7605;9962;10139;69102;64647;8101;12127;2549;1919;;2170
255;Neu-Ulm;09;Wahlkreis;;BY;235775;164678;2832;1790;161846;162888;24977;23937;;;18406;26391;10245;10341;17398;14310;82046;72060;8774;15849;4483;3499;;3496
256;Oberallgäu;09;Wahlkreis;;BY;221708;158857;2008;1618;156849;157239;19107;20392;;;17464;26018;7842;8735;20093;17753;83181;70559;9162;13782;1314;1202;;2635
257;Ostallgäu;09;Wahlkreis;;BY;242341;170224;2992;2194;167232;168030;22859;20544;;;21115;28362;8822;9369;15030;15668;85429;77911;13977;16176;2814;2262;;2951
09;Bayern;09;Bundesland;;BY;9382583;6720532;94735;68496;6625797;6652036;1331177;1120018;;;700960;976379;386476;429371;675888;719265;3191000;2830238;340296;576765;111662;87591;24102;135790
258;Stuttgart I;08;Wahlkreis;;BW;184454;142504;1527;1120;140977;141384;25364;26656;48518;39482;14514;27557;6601;9439;42116;31076;;;3864;7174;1068;691;2350;3426
259;Stuttgart II;08;Wahlkreis;;BW;181088;129259;1789;1539;127470;127720;33525;26675;44002;37151;13327;22059;10902;11437;21453;22916;;;4261;7482;1673;999;1893;2616
260;Böblingen;08;Wahlkreis;;BW;244919;185176;2730;2507;182446;182669;36550;34915;82344;61918;23717;38125;9657;11118;24138;25364;;;6040;11229;2914;2265;2798;3861
261;Esslingen;08;Wahlkreis;;BW;165210;125558;1711;1450;123847;124108;35396;25797;53829;41672;10819;22873;6225;7680;15511;19402;;;2067;6684;1768;1069;;2051
262;Nürtingen;08;Wahlkreis;;BW;204091;154949;2431;1978;152518;152971;36910;28943;66116;51146;17768;31686;7973;8661;21104;22902;;;2647;9633;2647;1411;;2552
263;Göppingen;08;Wahlkreis;;BW;180442;129901;2288;2045;127613;127856;33916;26524;55049;42318;13177;24408;8157;9327;14009;17018;;;3305;8261;2385;1730;;2371
264;Waiblingen;08;Wahlkreis;;BW;220220;164521;2560;2140;161961;162381;44071;31431;69575;53864;19793;33634;8627;10511;15379;22834;;;4516;10107;2720;1775;;2865
265;Ludwigsburg;08;Wahlkreis;;BW;206805;156053;2440;1882;153613;154171;34718;31079;61328;50274;19431;30179;9800;10382;23966;23090;;;4370;9167;2436;1538;;2995
266;Neckar-Zaber;08;Wahlkreis;;BW;224090;170674;2745;2300;167929;168374;39430;33711;70606;55618;24682;34641;9169;10852;18626;22773;;;5416;10779;2798;1941;;3041
267;Heilbronn;08;Wahlkreis;;BW;241035;168927;3239;2698;165688;166229;41484;35331;73308;57889;19924;31932;10693;12256;14594;16917;;;5685;11904;3657;2622;;3246
268;Schwäbisch Hall - Hohenlohe;08;Wahlkreis;;BW;223234;154351;3030;2561;151321;151790;32606;27907;65474;52745;19839;28688;10938;11554;18132;19829;;;4332;11067;3328;2429;;2950
269;Backnang - Schwäbisch Gmünd;08;Wahlkreis;;BW;176381;126601;2504;2189;124097;124412;30902;24289;55492;44068;12822;23060;8177;8840;12749;15606;;;3955;8549;2404;1578;;2229
270;Aalen - Heidenheim;08;Wahlkreis;;BW;224418;159936;3218;2871;156718;157065;39951;32195;70599;57878;15604;26534;11775;12351;14226;17732;;;4563;10375;2996;1867;;2830
271;Karlsruhe-Stadt;08;Wahlkreis;;BW;201833;143521;2030;1855;141491;141666;37845;29227;53872;40566;11845;24654;10034;11807;21452;26051;;;6443;9361;1534;1295;4359;5008
272;Karlsruhe-Land;08;Wahlkreis;;BW;208654;155522;2991;2339;152531;153183;39021;31160;68951;55285;17668;29292;8569;9935;15506;18066;;;2816;9445;2310;1567;;3307
273;Rastatt;08;Wahlkreis;;BW;208664;146160;3219;2667;142941;143493;33279;27376;68652;55806;14235;25553;8935;10093;15404;16649;;;2436;8016;2436;1727;;2538
274;Heidelberg;08;Wahlkreis;;BW;211807;162920;2338;1932;160582;160988;47683;35337;57963;49296;19314;28419;8985;11823;24985;28349;;;1652;7764;1652;1318;;3396
275;Mannheim;08;Wahlkreis;;BW;198437;134143;2149;1785;131994;132358;39845;32627;48137;38435;11782;19900;12520;14936;16648;18052;;;3062;8408;2418;1772;;3258
276;Odenwald - Tauber;08;Wahlkreis;;BW;215910;153296;3375;3040;149921;150256;29977;27740;75337;63120;17199;25455;9821;10357;13173;13770;;;4414;9814;2876;2015;;2648
277;Rhein-Neckar;08;Wahlkreis;;BW;195971;144215;2928;2277;141287;141938;35426;29356;59755;49922;17833;26191;10596;11078;14952;16723;;;2725;8668;2725;1894;;2970
278;Bruchsal - Schwetzingen;08;Wahlkreis;;BW;194304;141401;3452;2611;137949;138790;32525;27934;64659;50031;15785;26626;9995;10723;12082;14084;;;2903;9392;2903;1825;;2976
279;Pforzheim;08;Wahlkreis;;BW;220877;155907;3120;2805;152787;153102;34944;30652;62224;52771;24640;30192;10353;11279;15236;17556;;;5390;10652;3172;2029;;3048
280;Calw;08;Wahlkreis;;BW;198923;142812;2877;2537;139935;140275;28255;24450;64808;53358;17528;28260;9136;9537;13460;14464;;;6748;10206;1915;1813;;2390
281;Freiburg;08;Wahlkreis;;BW;210636;157681;2537;1998;155144;155683;51192;32691;44749;42224;12674;21887;9675;13793;33878;35536;;;2976;9552;890;764;;4289
282;Lörrach - Müllheim;08;Wahlkreis;;BW;225703;156692;2864;2577;153828;154115;49591;33953;58282;49707;16932;26425;9268;10802;16151;23904;;;3604;9324;2106;1271;;3116
283;Emmendingen - Lahr;08;Wahlkreis;;BW;213013;149482;3557;3458;145925;146024;35339;29740;61427;50594;14470;24135;10238;11134;22429;21332;;;2022;9089;2022;1310;;3029
284;Offenburg;08;Wahlkreis;;BW;204619;141835;3305;3164;138530;138671;27052;24662;65336;52083;15454;24887;10129;10742;17460;18247;;;3099;8050;2069;1506;;2605
285;Rottweil - Tuttlingen;08;Wahlkreis;;BW;200726;141391;3816;3024;137575;138367;22388;22550;66104;53547;24395;30249;8140;8753;11503;12924;;;5045;10344;3006;2298;;2396
286;Schwarzwald-Baar;08;Wahlkreis;;BW;167458;117355;2983;2618;114372;114737;21835;20374;54172;41694;15292;23812;7158;7837;13034;13344;;;2881;7676;2881;1978;;2111
287;Konstanz;08;Wahlkreis;;BW;197671;140167;2793;2480;137374;137687;29713;26047;59256;43844;20335;29372;8943;9344;17439;20482;;;1688;8598;1688;1309;;3298
288;Waldshut;08;Wahlkreis;;BW;177784;125418;2689;2066;122729;123352;35026;23058;50967;45201;13686;22993;7100;7765;13091;16971;;;2859;7364;1667;941;;2244
289;Reutlingen;08;Wahlkreis;;BW;198466;145837;3394;2562;142443;143275;31395;25770;60753;48400;18203;28740;8452;10060;19871;21392;;;3769;8913;2491;1820;;2793
290;Tübingen;08;Wahlkreis;;BW;189559;143896;2199;1855;141697;142041;28501;26823;55188;43603;13680;24233;9801;11185;30560;26939;;;3967;9258;2078;1452;;3648
291;Ulm;08;Wahlkreis;;BW;218867;161673;3268;2566;158405;159107;35875;28426;67798;57158;18273;28708;9605;10644;21477;22889;;;5377;11282;2510;1792;;4306
292;Biberach;08;Wahlkreis;;BW;162508;117289;3263;2303;114026;114986;26275;15742;48662;49688;17233;21665;6117;6636;11176;12524;;;4563;8731;2389;1401;;2277
293;Bodensee;08;Wahlkreis;;BW;167789;122655;2181;1767;120474;120888;23587;20080;54169;44205;16521;24483;7077;7775;17349;16962;;;1771;7383;1771;1277;;2441
294;Ravensburg;08;Wahlkreis;;BW;181362;130128;3110;1966;127018;128162;22530;19969;56931;48146;17946;23997;7918;8428;18639;18408;;;3054;9214;2006;1250;;2404
295;Zollernalb - Sigmaringen;08;Wahlkreis;;BW;185890;130436;3243;2621;127193;127815;21695;20001;62858;49774;17220;27454;8292;8763;11802;12571;;;5326;9252;2895;2036;;2477
08;Baden-Württemberg;08;Bundesland;;BW;7633818;5530242;105893;88153;5424349;5442089;1285617;1051198;2307250;1874481;645560;1022958;345551;389637;694760;755648;;;145611;348167;89204;61575;11400;112006
296;Saarbrücken;10;Wahlkreis;;SL;207292;146713;2699;2133;144014;144580;43737;34528;45748;38317;10597;17651;31946;34666;9696;12685;;;2290;6733;1967;1737;;2536
297;Saarlouis;10;Wahlkreis;;SL;214924;159639;4022;3446;155617;156193;51193;37749;58297;50566;11516;19643;24244;31057;8342;10194;;;2025;6984;2025;1874;;2188
298;St. Wendel;10;Wahlkreis;;SL;184896;142795;3814;3079;138981;139716;42910;35506;55727;48373;9486;15094;22965;26775;6058;7507;;;1835;6461;1835;1629;;1853
299;Homburg;10;Wahlkreis;;SL;201442;147047;3131;2669;143916;144378;44500;36681;48092;42033;10508;17039;27933;31382;6575;9164;;;6308;8079;2206;2159;;2043
10;Saarland;10;Bundesland;;SL;808554;596194;13666;11327;582528;584867;182340;144464;207864;179289;42107;69427;107088;123880;30671;39550;;;12458;28257;8033;7399;;8620
99;Bund;;Bundesgebiet;;Bund;62168489;44005575;757575;634385;43248000;43371190;12079758;9990488;13856674;11828277;4076496;6316080;4791124;5155933;3977125;4643272;3191000;2830238;1275823;2606902;768442;635525;46770;847870
